,Cidade,2001,2002,2003,2004,2005,2006,2008,2009,2011,2012,2013,2014,2015,2016,2017,2018,2019,2020,2021
3269,Adamantina ,33639,33793,33930,34218,34378,34536,34366,34424,33821,33843,34953,35001,35048,35094,35139,35023,35068,35111,35153
3270,Adolfo ,3728,3771,3811,3895,3942,3989,3711,3710,3548,3538,3639,3631,3623,3616,3609,3571,3562,3554,3545
3271,Aguaí ,28750,29212,29684,30674,31222,31766,31763,32101,32452,32745,34188,34530,34863,35189,35508,35954,36305,36648,36981
3272,Águas da Prata ,7135,7223,7266,7356,7406,7455,7684,7734,7619,7653,7942,7984,8025,8065,8104,8137,8180,8221,8262
3273,Águas de Lindóia ,16710,17079,17491,18289,18766,19240,16335,16341,17354,17438,18108,18212,18313,18412,18509,18599,18705,18808,18908
3274,Águas de Santa Bárbara ,5384,5504,5634,5907,6058,6208,5580,5612,5630,5658,5876,5911,5944,5977,6009,6040,6075,6109,6142
3275,Águas de São Pedro ,1863,1922,1940,1978,2000,2020,2547,2613,2771,2832,3004,3073,3139,3205,3268,3380,3451,3521,3588
3276,Agudos ,32764,32968,33193,33665,33926,34185,35872,36188,34681,34833,36150,36339,36524,36704,36880,37023,37214,37401,37582
3277,Alambari ,3713,3723,3758,3829,3869,3908,4325,4391,4979,5071,5356,5460,5560,5658,5754,5918,6025,6129,6231
3278,Alfredo Marcondes ,3711,3740,3760,3802,3825,3848,4025,4055,3906,3921,4064,4083,4101,4118,4135,4147,4166,4184,4201
3279,Altair ,3572,3591,3620,3679,3712,3745,3312,3287,3837,3859,4010,4035,4060,4085,4109,4134,4160,4186,4211
3280,Altinópolis ,15701,15868,16048,16425,16633,16840,15560,15554,15617,15627,16137,16159,16179,16199,16219,16164,16184,16203,16221
3281,Alto Alegre ,4198,4150,4099,3991,3931,3872,4270,4267,4090,4078,4193,4183,4173,4164,4154,4110,4099,4088,4078
3282,Alumínio ,15432,15567,15713,16019,16189,16357,16331,16427,16961,17079,17784,17924,18061,18194,18324,18484,18628,18767,18903
3283,Álvares Florence ,4227,4162,4090,3939,3856,3773,3920,3876,3865,3834,3915,3883,3853,3824,3795,3712,3679,3647,3616
3284,Álvares Machado ,23141,23460,23830,24609,25039,25467,23694,23779,23579,23642,24482,24568,24651,24733,24813,24830,24915,24998,25078
3285,Álvaro de Carvalho ,4241,4314,4410,4610,4720,4830,4907,4984,4692,4732,4937,4984,5030,5075,5119,5179,5227,5274,5320
3286,Alvinlândia ,2878,2899,2928,2989,3022,3056,2868,2869,3013,3025,3137,3153,3168,3182,3196,3206,3222,3237,3251
3287,Americana ,185552,188643,191451,197345,200607,203845,203283,205229,212791,214873,224551,226970,229322,231621,233868,237112,239597,242018,244370
3288,Américo Brasiliense ,29303,30017,30819,32504,33437,34362,32819,33255,34954,35413,37165,37691,38202,38701,39189,39962,40504,41032,41545
3289,Américo de Campos ,5596,5595,5595,5596,5597,5597,5503,5488,5715,5723,5916,5930,5942,5955,5967,5956,5969,5981,5993
3290,Amparo ,61431,62425,63364,65333,66423,67505,65466,65928,66246,66649,69322,69808,70280,70742,71193,71700,72195,72677,73145
3291,Analândia ,3648,3700,3755,3870,3934,3997,4471,4558,4348,4401,4612,4672,4731,4789,4845,4933,4995,5056,5115
3292,Andradina ,55499,55740,56009,56573,56885,57195,56505,56593,55348,55361,57145,57198,57250,57300,57350,57112,57157,57202,57245
3293,Angatuba ,19557,19734,19937,20363,20599,20833,22877,23225,22434,22650,23666,23917,24161,24400,24634,24969,25228,25479,25724
3294,Anhembi ,4660,4745,4842,5047,5160,5273,5656,5766,5739,5822,6120,6215,6307,6397,6484,6627,6724,6819,6911
3295,Anhumas ,3424,3447,3463,3498,3517,3536,3900,3947,3764,3788,3941,3970,3999,4026,4053,4085,4115,4144,4172
3296,Aparecida ,35029,35253,35414,35754,35942,36129,37405,37629,35015,35023,36151,36184,36217,36248,36279,36129,36157,36185,36211
3297,Aparecida d'Oeste ,4909,4900,4884,4850,4832,4813,4633,4598,4413,4377,4468,4432,4397,4362,4329,4234,4196,4158,4122
3298,Apiaí ,27209,27293,27353,27481,27551,27621,25857,25700,25040,24894,25491,25349,25211,25077,24945,24526,24374,24226,24081
3299,Araçariguama ,11652,12044,12457,13324,13804,14280,13027,13208,17535,17975,19144,19636,20114,20581,21038,21854,22364,22860,23343
3300,Araçatuba ,171289,172768,174399,177823,179717,181598,181143,182204,182526,183441,190536,191662,192757,193828,194874,195874,197016,198129,199210
3301,Araçoiaba da Serra ,20408,20925,21440,22521,23119,23713,26012,26626,27874,28429,30088,30713,31321,31915,32495,33499,34146,34776,35389
3302,Aramina ,4847,4910,4978,5122,5201,5280,5262,5308,5182,5211,5416,5451,5486,5519,5552,5585,5620,5655,5689
3303,Arandu ,6117,6159,6202,6293,6344,6394,6204,6212,6128,6132,6334,6343,6351,6360,6368,6348,6357,6365,6373
3304,Arapeí ,2653,2686,2718,2784,2821,2857,2587,2582,2484,2475,2541,2532,2524,2516,2509,2478,2469,2460,2452
3305,Araraquara ,185064,187363,189634,194401,197039,199657,199132,200666,210673,212617,222036,224304,226508,228664,230770,233744,236072,238339,240542
3306,Araras ,106261,107718,109352,112783,114682,116566,113645,114515,119968,121055,126391,127661,128895,130102,131282,132934,134236,135506,136739
3307,Arco-Íris ,2185,2203,2221,2260,2281,2303,2026,2010,1907,1890,1925,1907,1890,1873,1856,1811,1791,1773,1755
3308,Arealva ,7283,7318,7352,7425,7465,7504,7833,7886,7887,7932,8245,8299,8351,8402,8452,8505,8560,8613,8665
3309,Areias ,3637,3666,3697,3762,3798,3834,3684,3690,3704,3711,3839,3849,3859,3869,3879,3876,3886,3896,3906
3310,Areiópolis ,10332,10360,10390,10452,10487,10521,11085,11157,10601,10622,10989,11020,11049,11078,11107,11099,11129,11158,11186
3311,Ariranha ,7679,7820,7980,8314,8499,8683,8753,8876,8630,8709,9095,9187,9277,9365,9451,9573,9668,9761,9851
3312,Artur Nogueira ,34782,36033,37384,40218,41787,43344,42567,43499,45026,45847,48420,49346,50246,51126,51986,53450,54408,55340,56247
3313,Arujá ,61715,63722,65828,70248,72694,75122,78960,80922,76112,77279,81326,82651,83939,85199,86430,88455,89824,91157,92453
3314,Aspásia ,1849,1840,1831,1811,1800,1789,1831,1826,1806,1802,1854,1851,1848,1845,1842,1825,1822,1818,1815
3315,Assis ,88535,89657,90774,93118,94415,95703,97725,98715,95750,96336,100204,100911,101597,102268,102924,103666,104386,105087,105768
3316,Atibaia ,114090,116553,118990,124108,126940,129751,125418,126757,127778,128914,134567,135895,137187,138449,139683,141398,142761,144088,145378
3317,Auriflama ,13604,13670,13743,13897,13982,14066,14298,14366,14255,14307,14831,14897,14961,15024,15085,15123,15189,15253,15316
3318,Avaí ,4590,4586,4581,4571,4566,4561,5121,5170,4987,5014,5210,5243,5275,5306,5337,5369,5403,5436,5467
3319,Avanhandava ,8930,9009,9093,9268,9365,9462,11816,12112,11501,11685,12307,12516,12719,12918,13112,13433,13649,13859,14063
3320,Avaré ,78278,79706,81207,84358,86102,87833,83744,84416,83430,83910,87238,87820,88385,88938,89479,90063,90655,91232,91792
3321,Bady Bassitt ,12253,12777,13347,14543,15204,15861,13898,14127,14838,15065,15851,16109,16359,16604,16843,17236,17502,17761,18013
3322,Balbinos ,1324,1332,1341,1360,1371,1381,4385,4697,3886,4063,4433,4629,4819,5006,5188,5532,5735,5934,6127
3323,Bálsamo ,7378,7460,7515,7632,7696,7761,8151,8227,8223,8284,8631,8703,8773,8841,8908,8994,9068,9139,9209
3324,Bananal ,9788,9847,9910,10041,10113,10185,10727,10822,10263,10301,10680,10728,10775,10821,10867,10896,10945,10993,11039
3325,Barão de Antonina ,2765,2745,2722,2674,2647,2621,2833,2835,3141,3165,3297,3326,3353,3380,3406,3441,3469,3498,3525
3326,Barbosa ,5897,5933,5978,6072,6124,6176,6846,6944,6652,6708,6998,7064,7128,7190,7251,7335,7402,7468,7532
3327,Bariri ,28673,28999,29358,30113,30531,30945,32824,33267,31852,32102,33466,33761,34048,34328,34602,34961,35264,35558,35844
3328,Barra Bonita ,35919,36465,36918,37871,38398,38921,36176,36214,35228,35210,36310,36315,36321,36326,36331,36127,36126,36126,36125
3329,Barra do Chapéu ,4831,4831,4824,4810,4802,4794,5314,5358,5275,5305,5514,5550,5585,5619,5653,5688,5724,5760,5794
3330,Barra do Turvo ,8228,8315,8411,8613,8724,8835,7744,7699,7700,7672,7878,7853,7828,7804,7781,7687,7659,7632,7606
3331,Barretos ,104913,105701,106531,108273,109238,110195,112804,113618,112730,113338,117779,118521,119243,119948,120638,121344,122098,122833,123546
3332,Barrinha ,24864,25334,25856,26954,27561,28164,26915,27169,28826,29144,30506,30873,31230,31579,31921,32434,32812,33180,33537
3333,Barueri ,217510,224584,232150,248034,256824,265549,264619,270173,243242,245652,256756,259555,262275,264935,267534,271306,274182,276982,279704
3334,Bastos ,20773,20898,21041,21343,21510,21676,21323,21380,20435,20424,21061,21064,21067,21070,21073,20954,20953,20953,20952
3335,Batatais ,51886,52586,53270,54706,55501,56290,56022,56476,56888,57286,59654,60128,60589,61040,61480,62024,62508,62980,63438
3336,Bauru ,322554,327626,332993,344258,350492,356680,355675,359429,346077,348146,362062,364562,366992,369368,371690,374272,376818,379297,381706
3337,Bebedouro ,75661,76299,76987,78433,79233,80027,77430,77630,75052,75069,77487,77558,77627,77695,77761,77436,77496,77555,77612
3338,Bento de Abreu ,2401,2393,2393,2392,2392,2392,2929,2982,2696,2717,2831,2855,2879,2902,2925,2955,2980,3005,3028
3339,Bernardino de Campos ,10792,10861,10927,11064,11140,11216,10780,10776,10780,10784,11133,11146,11157,11169,11180,11137,11148,11158,11168
3340,Bertioga ,33289,33946,35759,39565,41672,43763,42945,44233,48997,50304,53679,55138,56555,57942,59297,61736,63249,64723,66154
3341,Bilac ,6164,6220,6281,6410,6481,6552,7369,7494,7122,7193,7519,7602,7682,7761,7837,7949,8034,8117,8197
3342,Birigui ,96682,98335,100207,104138,106313,108472,109451,110911,109836,110907,115898,117143,118352,119536,120692,122359,123638,124883,126094
3343,Biritiba Mirim ,25394,26088,26754,28152,28926,29694,29208,29650,28877,29168,30492,30830,31158,31479,31793,32251,32598,32936,33265
3344,Boa Esperança do Sul ,12818,12985,13176,13578,13800,14021,13835,13953,13728,13807,14356,14452,14546,14638,14727,14824,14923,15018,15111
3345,Bocaina ,9649,9902,10116,10565,10813,11059,10889,11028,10968,11073,11568,11691,11810,11926,12040,12204,12329,12452,12571
3346,Bofete ,7562,7712,7877,8223,8415,8605,9194,9375,9792,9960,10504,10694,10879,11059,11236,11534,11730,11921,12107
3347,Boituva ,35577,36730,37827,40129,41402,42667,43959,44906,49385,50420,53431,54594,55725,56830,57910,59793,60997,62170,63310
3348,Bom Jesus dos Perdões ,13625,14041,14379,15088,15480,15870,17571,17993,20199,20674,21976,22508,23025,23530,24023,24898,25448,25985,26506
3349,Bom Sucesso de Itararé ,3330,3421,3509,3695,3797,3899,3902,3968,3598,3623,3772,3802,3831,3860,3888,3923,3954,3984,4013
3350,Borá ,800,804,809,818,823,828,834,837,806,807,834,835,836,838,839,836,837,838,839
3351,Boracéia ,3743,3798,3825,3882,3914,3945,4377,4439,4309,4348,4540,4586,4631,4675,4717,4776,4823,4868,4913
3352,Borborema ,13306,13421,13527,13749,13872,13994,14376,14485,14632,14731,15335,15454,15569,15681,15791,15925,16046,16164,16278
3353,Borebi ,1998,2045,2096,2205,2265,2325,2312,2349,2321,2348,2458,2489,2519,2548,2577,2621,2653,2683,2713
3354,Botucatu ,110242,111998,113711,117308,119298,121274,128397,130348,128789,130201,136269,137899,139483,141032,142546,144820,146497,148130,149718
3355,Bragança Paulista ,127959,130323,132779,137935,140789,143621,144066,145894,148411,150023,156995,158856,160665,162435,164163,166753,168668,170533,172346
3356,Braúna ,4393,4408,4420,4444,4458,4471,4985,5043,5070,5118,5345,5400,5454,5506,5557,5630,5686,5741,5795
3357,Brejo Alegre ,2349,2377,2410,2477,2515,2552,2550,2573,2594,2614,2723,2746,2768,2790,2812,2841,2865,2889,2911
3358,Brodowski ,17559,17844,18171,18858,19238,19616,20190,20485,21412,21707,22797,23134,23460,23780,24092,24592,24939,25277,25605
3359,Brotas ,19415,19829,20267,21187,21695,22200,22300,22631,21787,21987,22959,23192,23419,23641,23858,24163,24403,24636,24862
3360,Buri ,18057,18324,18647,19324,19699,20071,18112,18146,18635,18705,19395,19484,19570,19655,19737,19789,19878,19965,20050
3361,Buritama ,13972,14083,14189,14412,14536,14658,15482,15636,15539,15655,16312,16449,16583,16714,16841,17003,17144,17281,17414
3362,Buritizal ,3649,3648,3636,3611,3597,3583,4059,4096,4083,4111,4279,4313,4345,4377,4408,4447,4481,4514,4547
3363,Cabrália Paulista ,4753,4823,4901,5063,5153,5243,4400,4369,4343,4322,4430,4410,4390,4371,4352,4286,4264,4243,4222
3364,Cabreúva ,34838,36106,37501,40430,42050,43659,41839,42700,42257,42889,45112,45830,46528,47210,47877,48966,49707,50429,51130
3365,Caçapava ,77011,78249,79233,81298,82440,83574,84406,85181,85414,86054,89668,90426,91162,91883,92587,93488,94263,95018,95752
3366,Cachoeira Paulista ,27691,28045,28435,29254,29707,30156,33999,34666,30313,30527,31791,32046,32294,32536,32773,33067,33327,33581,33827
3367,Caconde ,18510,18608,18715,18940,19064,19187,19233,19304,18551,18563,18926,18952,18976,19001,19025,18961,18985,19009,19031
3368,Cafelândia ,15855,15906,15958,16068,16129,16189,16699,16778,16670,16730,17346,17424,17499,17573,17645,17689,17767,17843,17917
3369,Caiabu ,4104,4124,4146,4191,4217,4242,4130,4131,4072,4072,4201,4204,4206,4208,4211,4190,4191,4193,4195
3370,Caieiras ,74751,77986,81126,87717,91365,94985,86698,88212,87704,88841,93215,94516,95780,97016,98223,100129,101470,102775,104044
3371,Caiuá ,4296,4371,4454,4629,4725,4821,5334,5447,5105,5167,5418,5490,5560,5628,5695,5800,5874,5946,6017
3372,Cajamar ,52378,54343,56006,59496,61427,63344,62522,63675,65139,66131,69584,70710,71805,72875,73921,75638,76801,77934,79034
3373,Cajati ,29678,30401,30947,32091,32724,33353,28987,28936,28307,28243,29059,29010,28962,28916,28870,28605,28549,28494,28441
3374,Cajobi ,9205,9262,9303,9388,9436,9483,9939,10009,9814,9858,10232,10287,10341,10393,10444,10486,10542,10596,10649
3375,Cajuru ,21046,21244,21461,21917,22168,22419,24003,24313,23571,23763,24783,25009,25230,25445,25655,25935,26167,26393,26613
3376,Campina do Monte Alegre ,5344,5483,5610,5876,6024,6171,5532,5560,5595,5622,5836,5869,5901,5932,5963,5991,6024,6057,6088
3377,Campinas ,982977,995024,1006918,1031887,1045706,1059420,1056644,1064669,1090386,1098630,1144862,1154617,1164098,1173370,1182429,1194094,1204073,1213792,1223237
3378,Campo Limpo Paulista ,65956,67582,69373,73132,75212,77277,73885,74863,74869,75637,79091,79982,80847,81693,82520,83735,84650,85541,86407
3379,Campos do Jordão ,45110,45749,46444,47903,48711,49512,46332,46505,48061,48324,50221,50541,50852,51157,51454,51763,52088,52405,52713
3380,Campos Novos Paulista ,4199,4216,4232,4266,4285,4304,4940,5014,4567,4594,4776,4808,4839,4870,4900,4932,4965,4997,5028
3381,Cananéia ,12472,12838,13089,13615,13906,14195,12377,12374,12221,12216,12598,12601,12604,12606,12609,12539,12540,12541,12542
3382,Canas ,3689,3760,3828,3970,4049,4127,4662,4765,4445,4502,4722,4788,4852,4914,4975,5071,5138,5204,5268
3383,Cândido Mota ,29752,30086,30460,31245,31680,32111,30662,30776,29931,29976,30993,31063,31131,31198,31263,31212,31280,31346,31410
3384,Cândido Rodrigues ,2646,2673,2701,2759,2792,2824,2757,2770,2673,2677,2767,2773,2780,2786,2792,2787,2793,2799,2805
3385,Canitar ,3607,3700,3802,4016,4134,4251,4629,4743,4438,4504,4737,4812,4884,4956,5025,5139,5216,5292,5365
3386,Capão Bonito ,46750,46793,46821,46881,46914,46946,46412,46338,46136,46095,47510,47498,47486,47475,47463,47159,47138,47118,47098
3387,Capela do Alto ,14374,14978,15318,16030,16425,16816,16968,17232,17785,18029,18933,19212,19482,19747,20005,20419,20706,20985,21257
3388,Capivari ,42324,42993,43701,45187,46009,46825,45915,46331,49122,49650,51949,52559,53152,53731,54298,55141,55768,56379,56973
3389,Caraguatatuba ,82023,84401,86944,92283,95237,98170,94598,96125,102523,104150,109678,111524,113317,115071,116786,119625,121532,123389,125194
3390,Carapicuíba ,351041,357417,363368,375859,382772,389634,388532,392701,371502,373358,387788,390073,392294,394465,396587,398611,400927,403183,405375
3391,Cardoso ,11513,11463,11396,11258,11181,11105,11632,11624,11821,11836,12233,12257,12281,12305,12328,12303,12326,12349,12371
3392,Casa Branca ,26974,27114,27260,27565,27735,27903,28083,28189,28423,28535,29597,29739,29877,30012,30144,30237,30380,30520,30655
3393,Cássia dos Coqueiros ,2890,2903,2918,2949,2966,2983,2752,2737,2616,2599,2657,2640,2623,2607,2591,2542,2523,2505,2488
3394,Castilho ,14988,15020,15053,15122,15161,15199,16064,16165,18238,18465,19360,19620,19873,20120,20362,20738,21006,21267,21521
3395,Catanduva ,107612,109017,110489,113578,115287,116984,114069,114812,113356,113873,118209,118853,119480,120092,120691,121210,121862,122497,123114
3396,Catiguá ,6596,6617,6646,6706,6739,6772,7191,7250,7171,7214,7502,7553,7603,7652,7700,7752,7804,7855,7905
3397,Cedral ,6811,6910,7007,7211,7324,7436,8119,8258,8070,8165,8553,8662,8767,8870,8971,9125,9237,9346,9452
3398,Cerqueira César ,15424,15626,15850,16320,16580,16838,17147,17337,17716,17893,18703,18909,19109,19304,19495,19774,19985,20191,20391
3399,Cerquilho ,30670,31498,32422,34362,35435,36500,37419,38199,40393,41144,43473,44320,45142,45947,46733,48074,48949,49802,50631
3400,Cesário Lange ,13047,13247,13416,13771,13967,14162,14795,14979,15744,15942,16717,16943,17163,17378,17587,17915,18148,18375,18595
3401,Charqueada ,13279,13521,13746,14218,14479,14738,15213,15423,15243,15395,16092,16268,16440,16608,16772,17009,17190,17367,17539
3402,Clementina ,5462,5514,5564,5671,5730,5789,6477,6582,7193,7316,7717,7856,7992,8124,8254,8472,8617,8757,8894
3403,Colina ,16747,16823,16897,17051,17137,17222,17659,17745,17426,17478,18107,18177,18245,18311,18376,18398,18468,18535,18601
3404,Colômbia ,6038,6095,6161,6299,6375,6451,6314,6345,5998,6001,6196,6203,6211,6218,6225,6203,6210,6216,6223
3405,Conchal ,23047,23392,23725,24422,24809,25192,24336,24485,25425,25615,26689,26914,27132,27345,27554,27820,28050,28273,28491
3406,Conchas ,15275,15538,15832,16450,16792,17132,16160,16274,16395,16497,17162,17286,17406,17523,17638,17770,17896,18019,18138
3407,Cordeirópolis ,18108,18486,18901,19773,20256,20734,20445,20720,21348,21607,22648,22945,23234,23517,23793,24221,24528,24826,25116
3408,Coroados ,4461,4498,4536,4615,4659,4702,5177,5250,5302,5362,5615,5685,5753,5820,5885,5986,6058,6129,6197
3409,Coronel Macedo ,5564,5555,5539,5506,5488,5470,5370,5343,4956,4913,5009,4965,4922,4881,4840,4728,4681,4635,4591
3410,Corumbataí ,3875,3928,3991,4121,4194,4266,4109,4138,3881,3887,4018,4027,4036,4045,4054,4047,4055,4064,4072
3411,Cosmópolis ,45345,46111,46927,48638,49585,50525,57951,59297,59938,61013,64415,65628,66807,67960,69086,70998,72252,73474,74662
3412,Cosmorama ,7315,7276,7231,7137,7085,7033,7071,7033,7202,7191,7404,7396,7388,7381,7374,7316,7307,7298,7289
3413,Cotia ,153070,157726,161782,170296,175008,179685,179109,182045,205154,209027,220941,225306,229548,233696,237750,244694,249210,253608,257882
3414,Cravinhos ,29106,29642,30213,31412,32076,32735,30647,30849,31943,32187,33543,33831,34110,34384,34651,34998,35292,35579,35858
3415,Cristais Paulista ,6675,6775,6865,7056,7162,7266,7362,7436,7666,7741,8089,8176,8260,8343,8424,8541,8631,8718,8803
3416,Cruzália ,2604,2598,2592,2580,2573,2566,2382,2356,2249,2224,2260,2234,2209,2185,2161,2100,2073,2046,2021
3417,Cruzeiro ,74062,74512,74986,75980,76530,77076,79418,79957,77312,77575,80408,80749,81082,81406,81724,81895,82238,82571,82895
3418,Cubatão ,109963,111922,113599,117120,119068,121002,127702,129582,119520,120293,125178,126105,127006,127887,128748,129760,130705,131626,132521
3419,Cunha ,23013,23012,22975,22899,22857,22815,23694,23735,21773,21682,22251,22167,22086,22007,21929,21639,21547,21459,21373
3420,Descalvado ,29368,29588,29898,30548,30908,31265,30710,30867,31220,31379,32595,32790,32980,33165,33346,33520,33718,33910,34097
3421,Diadema ,362663,367958,373014,383629,389503,395333,394266,397738,388576,390980,406718,409613,412428,415180,417869,420934,423884,426757,429550
3422,Dirce Reis ,1589,1564,1537,1479,1448,1416,1624,1623,1695,1699,1760,1766,1772,1779,1785,1786,1793,1799,1805
3423,Divinolândia ,12041,12059,12079,12121,12144,12168,11415,11343,11146,11086,11604,11547,11492,11437,11384,11208,11146,11086,11027
3424,Dobrada ,7012,7025,7034,7052,7062,7071,8108,8214,8011,8080,8432,8513,8592,8669,8744,8846,8929,9010,9088
3425,Dois Córregos ,22773,23297,23657,24412,24830,25245,25733,26040,24933,25100,26126,26324,26517,26706,26891,27112,27315,27512,27704
3426,Dolcinópolis ,2158,2164,2170,2182,2188,2195,2263,2272,2092,2088,2148,2145,2142,2139,2136,2119,2115,2112,2108
3427,Dourado ,8709,8788,8872,9049,9147,9244,9089,9131,8610,8610,8884,8890,8897,8903,8909,8868,8873,8878,8883
3428,Dracena ,40576,40670,40749,40914,41006,41096,43989,44309,43470,43675,45346,45600,45847,46088,46324,46536,46793,47043,47287
3429,Duartina ,12534,12597,12653,12772,12837,12902,12777,12796,12234,12218,12585,12576,12567,12558,12549,12457,12445,12433,12421
3430,Dumont ,6469,6586,6716,6988,7138,7288,8163,8346,8284,8421,8874,9028,9178,9325,9468,9708,9868,10023,10174
3431,Echaporã ,6870,6934,6984,7088,7146,7203,6299,6239,6279,6242,6389,6352,6316,6281,6247,6141,6102,6064,6026
3432,Eldorado ,14251,14347,14446,14654,14769,14883,14490,14514,14680,14718,15238,15289,15339,15388,15436,15443,15494,15544,15592
3433,Elias Fausto ,14155,14363,14583,15045,15301,15555,15192,15312,15920,16060,16762,16926,17085,17241,17393,17604,17772,17936,18095
3434,Elisiário ,2583,2585,2589,2597,2601,2606,3251,3317,3162,3202,3359,3406,3451,3494,3537,3604,3651,3697,3742
3435,Embaúba ,2487,2495,2503,2519,2528,2537,2448,2442,2419,2415,2486,2484,2481,2479,2476,2456,2452,2449,2446
3436,Embu das Artes ,213017,218535,223581,234174,240037,245855,245093,248722,242730,245148,256247,259053,261781,264448,267054,270843,273726,276535,279264
3437,Embu-Guaçu ,59218,61259,63274,67505,69847,72170,61701,62137,63219,63653,66273,66792,67296,67788,68270,68856,69385,69901,70402
3438,Emilianópolis ,2896,2891,2890,2888,2887,2886,3159,3184,3030,3040,3149,3162,3174,3186,3197,3202,3214,3227,3238
3439,Engenheiro Coelho ,10458,10776,11121,11845,12246,12644,13914,14300,16158,16580,17681,18153,18611,19059,19497,20284,20773,21249,21712
3440,Espírito Santo do Pinhal ,40807,41175,41497,42174,42549,42921,42128,42260,42017,42123,43611,43756,43897,44036,44170,44186,44330,44471,44607
3441,Espírito Santo do Turvo ,3763,3824,3893,4037,4116,4195,4361,4428,4288,4330,4525,4574,4621,4668,4713,4779,4829,4878,4926
3442,Estrela d'Oeste ,8231,8206,8183,8134,8108,8081,8976,9042,8205,8201,8458,8460,8462,8464,8466,8418,8419,8419,8420
3443,Estrela do Norte ,2609,2593,2578,2547,2530,2513,2490,2474,2661,2663,2752,2756,2761,2765,2769,2762,2766,2770,2774
3444,Euclides da Cunha Paulista ,10294,10351,10414,10547,10621,10694,10180,10168,9537,9491,9729,9685,9642,9600,9559,9419,9371,9325,9280
3445,Fartura ,15090,15152,15219,15357,15434,15510,14985,14969,15344,15367,15889,15925,15960,15994,16028,16001,16036,16070,16102
3446,Fernandópolis ,62296,62805,63342,64470,65095,65714,63414,63539,64931,65157,67543,67836,68120,68399,68670,68823,69116,69402,69680
3447,Fernando Prestes ,5456,5488,5514,5567,5596,5625,5328,5312,5542,5550,5736,5748,5760,5771,5782,5771,5783,5794,5805
3448,Fernão ,1398,1378,1352,1299,1270,1241,1514,1521,1574,1583,1646,1658,1669,1680,1691,1704,1716,1727,1739
3449,Ferraz de Vasconcelos ,147966,152100,156613,166086,171329,176532,175939,179231,170297,172222,180326,182544,184700,186808,188868,191993,194276,196500,198661
3450,Flora Rica ,2153,2134,2114,2073,2050,2027,2044,2029,1720,1688,1699,1666,1634,1602,1571,1499,1464,1430,1397
3451,Floreal ,3183,3155,3123,3057,3020,2984,2918,2884,2987,2970,3042,3027,3011,2996,2982,2934,2917,2900,2884
3452,Flórida Paulista ,10911,10811,10673,10386,10226,10068,13524,13761,12982,13112,13704,13854,14000,14143,14282,14486,14640,14790,14936
3453,Florínea ,3143,3151,3162,3186,3199,3212,2883,2856,2807,2785,2843,2821,2799,2778,2758,2699,2676,2653,2631
3454,Franca ,294067,299233,304569,315770,321969,328121,327176,330938,321012,323307,336734,339461,342112,344704,347237,350400,353187,355901,358539
3455,Francisco Morato ,139309,144227,149096,159316,164971,170585,155224,157294,156064,157603,164718,166505,168243,169942,171602,174008,175844,177633,179372
3456,Franco da Rocha ,110755,112874,115080,119710,122273,124816,129304,131366,133407,135150,141824,143817,145755,147650,149502,152433,154489,156492,158438
3457,Gabriel Monteiro ,2758,2779,2804,2856,2885,2914,2703,2698,2707,2706,2790,2790,2790,2791,2791,2776,2776,2776,2776
3458,Gália ,7730,7652,7559,7364,7256,7149,6754,6635,6947,6884,7019,6956,6894,6834,6776,6615,6548,6482,6419
3459,Garça ,43368,43513,43676,44019,44208,44396,43395,43380,43112,43108,44479,44506,44532,44557,44582,44370,44390,44409,44429
3460,Gastão Vidigal ,3551,3534,3510,3459,3431,3403,4071,4118,4240,4285,4482,4534,4585,4634,4683,4754,4808,4860,4911
3461,Gavião Peixoto ,4109,4108,4099,4081,4071,4062,4236,4244,4442,4464,4635,4662,4688,4714,4739,4762,4789,4815,4841
3462,General Salgado ,10819,10918,10961,11053,11103,11154,10933,10934,10658,10646,10970,10966,10961,10956,10951,10876,10869,10862,10855
3463,Getulina ,10406,10422,10447,10498,10526,10554,10914,10960,10796,10825,11209,11249,11287,11325,11362,11370,11409,11447,11485
3464,Glicério ,4455,4469,4488,4528,4550,4571,4540,4547,4576,4586,4745,4759,4773,4787,4800,4801,4815,4829,4842
3465,Guaiçara ,9552,9810,10087,10671,10993,11314,11029,11206,10782,10891,11385,11511,11633,11752,11869,12039,12168,12294,12416
3466,Guaimbê ,5217,5222,5228,5242,5250,5258,4787,4740,5442,5458,5654,5676,5696,5717,5737,5743,5765,5785,5806
3467,Guaíra ,35032,35355,35700,36426,36827,37226,38328,38676,37619,37826,39314,39567,39813,40053,40287,40533,40790,41040,41283
3468,Guapiaçu ,14477,14807,15141,15844,16232,16618,17593,17938,18160,18441,19409,19728,20037,20340,20637,21125,21454,21775,22087
3469,Guapiara ,19900,20030,20171,20467,20631,20794,20832,20927,17866,17738,18129,18002,17879,17758,17640,17293,17157,17025,16896
3470,Guará ,19244,19453,19703,20226,20516,20804,19160,19168,19931,20001,20733,20823,20911,20997,21081,21129,21220,21308,21394
3471,Guaraçaí ,8968,9020,9079,9202,9270,9337,8686,8657,8400,8366,8586,8555,8525,8495,8466,8357,8323,8290,8258
3472,Guaraci ,8938,9063,9164,9376,9493,9610,9409,9459,10063,10147,10584,10683,10778,10872,10964,11088,11188,11287,11382
3473,Guarani d'Oeste ,2027,2042,2058,2093,2113,2132,2018,2017,1968,1965,2023,2021,2020,2018,2017,2002,2000,1998,1996
3474,Guarantã ,6836,6488,6565,6726,6815,6903,6652,6680,6411,6417,6629,6640,6651,6662,6672,6654,6664,6675,6685
3475,Guararapes ,29085,29296,29507,29948,30193,30435,29589,29639,30732,30862,32023,32187,32346,32502,32654,32774,32939,33100,33257
3476,Guararema ,22361,22734,23119,23927,24374,24818,26523,26974,26147,26439,27679,28016,28344,28664,28978,29451,29798,30136,30465
3477,Guaratinguetá ,105459,106722,107884,110323,111673,113012,112596,113357,112675,113258,117663,118378,119073,119753,120417,121073,121798,122505,123192
3478,Guareí ,10401,10560,10729,11083,11279,11473,14490,14918,14901,15225,16149,16513,16867,17213,17551,18143,18520,18887,19244
3479,Guariba ,31319,31542,31755,32200,32447,32692,34217,34508,35824,36151,37747,38128,38499,38861,39216,39714,40105,40487,40857
3480,Guarujá ,271902,276301,281634,292828,299023,305171,304274,308058,292744,294669,306683,308989,311230,313421,315563,318107,320459,322750,324977
3481,Guarulhos ,1106064,1132651,1160468,1218862,1251179,1283253,1279202,1299283,1233436,1244518,1299249,1312197,1324781,1337087,1349113,1365899,1379182,1392121,1404694
3482,Guatapará ,6442,6491,6546,6662,6727,6791,6386,6382,7012,7056,7341,7394,7446,7496,7546,7602,7656,7709,7760
3483,Guzolândia ,4203,4136,4062,3907,3821,3735,4863,4917,4790,4824,5023,5064,5103,5142,5179,5226,5267,5307,5346
3484,Herculândia ,8113,8193,8287,8482,8591,8699,9027,9125,8751,8803,9154,9217,9278,9338,9397,9462,9526,9588,9649
3485,Holambra ,7453,7587,7762,8128,8331,8532,9951,10224,11613,11917,12707,13046,13375,13698,14012,14579,14930,15272,15605
3486,Hortolândia ,159749,166549,173060,186726,194289,201795,201049,205856,195776,198758,209139,212527,215819,219039,222186,227353,230851,234259,237570
3487,Iacanga ,8369,8432,8502,8649,8730,8810,9605,9732,10146,10275,10776,10923,11066,11206,11343,11559,11710,11858,12002
3488,Iacri ,6742,6729,6704,6652,6623,6595,6875,6879,6392,6365,6530,6505,6481,6457,6434,6348,6321,6295,6269
3489,Iaras ,3168,3243,3331,3515,3617,3718,5420,5658,6631,6878,7431,7704,7970,8230,8484,8956,9240,9517,9786
3490,Ibaté ,27389,28068,28814,30379,31245,32105,29435,29714,31062,31380,32810,33178,33535,33884,34226,34726,35104,35472,35830
3491,Ibirá ,9534,9601,9673,9824,9907,9990,10992,11141,11008,11115,11615,11740,11861,11980,12096,12264,12393,12518,12639
3492,Ibirarema ,5714,5738,5756,5792,5813,5833,7097,7235,6804,6880,7203,7290,7376,7459,7540,7663,7753,7841,7926
3493,Ibitinga ,47624,48383,49201,50918,51869,52812,52582,53148,53660,54146,56531,57098,57649,58188,58715,59451,60033,60600,61150
3494,Ibiúna ,66193,67582,69066,72181,73905,75616,67166,67392,71742,72249,75241,75845,76432,77005,77566,78262,78878,79479,80062
3495,Icém ,6855,6913,6979,7117,7193,7269,6553,6524,7515,7567,7877,7938,7997,8055,8112,8181,8243,8304,8363
3496,Iepê ,7212,7177,7141,7063,7020,6978,7806,7856,7657,7685,7966,8002,8036,8070,8103,8124,8159,8194,8228
3497,Igaraçu do Tietê ,22818,22981,23152,23509,23707,23904,24003,24124,23420,23475,24299,24376,24451,24525,24596,24598,24674,24749,24821
3498,Igarapava ,26371,26683,27034,27773,28181,28587,28038,28230,28108,28259,29365,29549,29727,29902,30073,30246,30432,30614,30791
3499,Igaratá ,8533,8713,8908,9318,9545,9770,8896,8950,8873,8913,9251,9301,9349,9397,9443,9483,9534,9583,9631
3500,Iguape ,27558,27813,27992,28367,28575,28782,30397,30675,28950,29055,30124,30259,30390,30519,30644,30721,30857,30989,31117
3501,Ilhabela ,21629,22372,23084,24580,25408,26230,25550,26011,28761,29308,30983,31599,32197,32782,33354,34333,34970,35591,36194
3502,Ilha Comprida ,7081,7535,7920,8730,9177,9622,9782,10090,9204,9376,9908,10102,10291,10476,10656,10965,11166,11362,11552
3503,Ilha Solteira ,24265,24477,24700,25168,25427,25684,25057,25144,25146,25226,26138,26242,26344,26443,26540,26582,26686,26788,26886
3504,Indaiatuba ,152462,156750,161252,170703,175933,181124,180524,183803,205808,209859,222042,226602,231033,235367,239602,246908,251627,256223,260690
3505,Indiana ,4972,4997,5027,5091,5126,5161,4772,4751,4817,4809,4951,4946,4941,4936,4931,4892,4885,4879,4873
3506,Indiaporã ,3971,3909,3840,3694,3614,3534,3963,3949,3892,3880,3988,3978,3969,3960,3951,3908,3897,3886,3876
3507,Inúbia Paulista ,3316,3310,3307,3299,3295,3291,3795,3841,3654,3678,3826,3854,3881,3907,3933,3963,3991,4019,4045
3508,Ipaussu ,12694,12794,12906,13141,13272,13401,13521,13608,13749,13831,14383,14483,14579,14674,14766,14869,14971,15069,15165
3509,Iperó ,20240,20027,20790,22390,23276,24156,26696,27526,29062,29798,31745,32568,33367,34149,34913,36280,37133,37964,38771
3510,Ipeúna ,4517,4685,4846,5182,5369,5554,5570,5691,6145,6270,6638,6778,6914,7047,7177,7401,7546,7687,7824
3511,Ipiguá ,3673,3716,3827,4060,4190,4318,4184,4253,4539,4613,4858,4941,5022,5101,5178,5306,5392,5476,5557
3512,Iporanga ,4558,4551,4546,4535,4529,4524,4772,4789,4279,4260,4369,4351,4333,4316,4299,4238,4218,4199,4180
3513,Ipuã ,12054,12189,12336,12647,12819,12989,15522,15883,14323,14492,15184,15378,15567,15752,15932,16209,16409,16604,16794
3514,Iracemápolis ,15987,16355,16727,17506,17938,18366,19329,19700,20373,20705,21815,22191,22557,22914,23264,23846,24235,24614,24982
3515,Irapuã ,6729,6777,6832,6948,7013,7076,6953,6978,7323,7369,7666,7721,7774,7827,7878,7937,7993,8048,8101
3516,Irapuru ,7361,7289,7211,7047,6956,6866,7841,7874,7815,7840,8123,8155,8187,8217,8248,8261,8294,8325,8356
3517,Itaberá ,18968,19124,19223,19430,19545,19659,17804,17674,17778,17699,18158,18086,18015,17946,17879,17635,17556,17480,17405
3518,Itaí ,21450,21716,22030,22690,23054,23417,23828,24093,24236,24457,25535,25792,26042,26287,26526,26861,27125,27382,27632
3519,Itajobi ,14352,14451,14554,14769,14888,15007,14652,14683,14582,14606,15104,15141,15177,15212,15246,15226,15262,15297,15331
3520,Itaju ,2673,2697,2724,2781,2813,2844,2709,2714,3293,3338,3505,3556,3606,3655,3703,3782,3835,3887,3937
3521,Itanhaém ,75124,77449,79980,85294,88235,91153,85977,87338,88214,89332,93696,94977,96222,97439,98629,100496,101816,103102,104351
3522,Itaoca ,3170,3121,3072,2969,2912,2856,3153,3143,3229,3229,3332,3334,3337,3339,3341,3326,3328,3330,3332
3523,Itapecerica da Serra ,134499,138952,143253,152283,157280,162239,159102,161983,154374,156077,163363,165327,167236,169103,170927,173672,175693,177662,179574
3524,Itapetininga ,128306,130552,132869,137733,140425,143097,146760,148808,145822,147219,153810,155436,157016,158561,160070,162231,163901,165526,167106
3525,Itapeva ,83971,84824,85732,87639,88695,89743,89197,89768,88129,88491,91807,92265,92710,93145,93570,93892,94354,94804,95241
3526,Itapevi ,169106,173891,179209,190373,196551,202683,201995,205881,203712,206558,217005,220250,223404,226488,229502,234352,237700,240961,244131
3527,Itapira ,64563,64806,65469,66861,67632,68396,71850,72657,68934,69317,72048,72514,72967,73410,73844,74299,74773,75234,75683
3528,Itapirapuã Paulista ,3616,3643,3674,3739,3775,3811,3890,3919,3904,3926,4081,4109,4135,4161,4186,4213,4241,4268,4294
3529,Itápolis ,38320,38738,39197,40160,40693,41222,40196,40411,40228,40399,41920,42135,42343,42547,42747,42903,43120,43331,43536
3530,Itaporanga ,14304,14342,14336,14324,14318,14311,14752,14780,14564,14579,15064,15090,15115,15140,15165,15125,15149,15173,15197
3531,Itapuí ,10435,10649,10778,11048,11198,11347,12344,12536,12312,12446,13023,13178,13328,13475,13618,13833,13992,14147,14297
3532,Itapura ,3842,3856,3864,3881,3891,3900,3935,3941,4397,4436,4629,4674,4717,4760,4802,4860,4906,4951,4994
3533,Itaquaquecetuba ,285610,295663,306208,328345,340596,352755,351493,359253,325518,329144,344558,348739,352801,356774,360657,366519,370821,375011,379082
3534,Itararé ,47098,47546,48006,48973,49507,50038,51000,51412,48040,48143,49818,49963,50105,50243,50379,50360,50503,50642,50778
3535,Itariri ,13831,14035,14231,14642,14869,15095,16048,16284,15614,15752,16441,16602,16759,16913,17062,17271,17436,17598,17754
3536,Itatiba ,83246,85311,87220,91228,93447,95648,97462,99047,103028,104533,109907,111620,113284,114912,116503,119090,120858,122581,124254
3537,Itatinga ,15643,15799,15963,16306,16497,16685,18761,19085,18253,18446,19297,19520,19738,19951,20158,20467,20697,20921,21139
3538,Itirapina ,13144,13443,13724,14315,14642,14967,14655,14829,15731,15930,16709,16938,17160,17377,17589,17922,18157,18387,18610
3539,Itirapuã ,5495,5490,5526,5601,5643,5685,5862,5903,5953,5990,6232,6277,6321,6363,6405,6453,6499,6543,6587
3540,Itobi ,7548,7610,7676,7816,7894,7971,7692,7708,7553,7559,7807,7819,7831,7842,7853,7830,7841,7852,7862
3541,Itu ,138741,141268,144008,149758,152941,156100,155457,157384,155589,156983,163882,165511,167095,168643,170157,172268,173939,175568,177150
3542,Itupeva ,27142,27854,28638,30283,31193,32097,40972,42458,46294,47682,51082,52627,54128,55596,57031,59649,61252,62813,64330
3543,Ituverava ,36668,36955,37274,37943,38314,38681,40485,40882,38882,39062,40552,40776,40994,41206,41414,41598,41824,42045,42259
3544,Jaborandi ,6419,6443,6451,6469,6479,6489,6693,6715,6605,6618,6846,6864,6882,6900,6917,6911,6929,6946,6963
3545,Jaboticabal ,68403,69149,69957,71654,72592,73524,72614,73084,71989,72305,75041,75436,75820,76196,76563,76864,77263,77652,78029
3546,Jacareí ,194733,197061,199739,205360,208471,211559,210988,212824,212744,214223,223064,224826,226539,228214,229851,231863,233662,235416,237119
3547,Jaci ,4079,4302,4388,4568,4668,4767,5427,5556,5776,5890,6233,6361,6486,6609,6728,6934,7067,7196,7322
3548,Jacupiranga ,17310,17590,17845,18380,18676,18970,16403,16322,17221,17234,17801,17826,17851,17876,17900,17842,17866,17889,17911
3549,Jaguariúna ,30293,31072,31757,33194,33989,34779,40066,41107,45441,46533,49497,50719,51907,53069,54204,56221,57488,58722,59921
3550,Jales ,46769,47200,47671,48659,49206,49749,49681,49996,47076,47137,48724,48825,48922,49017,49110,49011,49107,49201,49291
3551,Jambeiro ,4080,4141,4210,4355,4435,4515,5409,5550,5454,5554,5868,5981,6092,6200,6305,6485,6602,6717,6828
3552,Jandira ,95285,97932,100775,106742,110045,113323,110325,112130,109614,110842,116041,117457,118832,120177,121492,123481,124937,126356,127734
3553,Jardinópolis ,31533,32119,32764,34118,34868,35612,36872,37471,38194,38708,40640,41228,41799,42358,42904,43774,44380,44970,45544
3554,Jarinu ,18512,18338,18940,20203,20902,21596,22301,22822,24370,24875,26353,26921,27473,28012,28540,29456,30044,30617,31173
3555,Jaú ,113952,115889,117645,121333,123374,125399,133469,135546,132494,133900,140077,141703,143283,144828,146338,148581,150252,151881,153463
3556,Jeriquara ,3279,3287,3290,3296,3299,3303,3225,3216,3151,3142,3230,3223,3216,3209,3202,3168,3159,3151,3143
3557,Joanópolis ,10658,10877,11094,11550,11802,12052,11107,11169,11873,11974,12492,12610,12725,12837,12947,13098,13220,13338,13453
3558,João Ramalho ,3936,4007,4084,4245,4334,4423,4301,4344,4174,4197,4361,4389,4416,4442,4468,4495,4523,4551,4577
3559,José Bonifácio ,29200,29780,30275,31314,31889,32460,32219,32551,33074,33375,34846,35197,35538,35872,36198,36655,37015,37366,37707
3560,Júlio Mesquita ,4203,4234,4266,4332,4368,4405,4508,4539,4451,4470,4639,4663,4687,4710,4733,4752,4776,4800,4824
3561,Jumirim ,2265,2320,2377,2497,2564,2630,2283,2290,2845,2889,3042,3092,3142,3190,3237,3315,3367,3418,3467
3562,Jundiaí ,326915,330578,333910,340907,344779,348621,347738,349929,373713,377183,393920,397965,401896,405740,409497,414810,418962,423006,426935
3563,Junqueirópolis ,16913,16857,16788,16644,16565,16485,19715,19976,18859,18986,19765,19918,20066,20211,20353,20524,20679,20831,20978
3564,Juquiá ,20877,21265,21613,22344,22748,23149,19688,19585,19149,19055,19535,19446,19359,19274,19192,18908,18812,18718,18627
3565,Juquitiba ,27278,27825,28458,29789,30525,31256,29090,29335,28912,29081,30239,30443,30642,30837,31027,31235,31444,31646,31844
3566,Lagoinha ,4998,5025,5056,5122,5159,5195,4917,4909,4833,4824,4966,4960,4954,4949,4943,4903,4896,4889,4882
3567,Laranjal Paulista ,22442,22776,23069,23685,24025,24363,25930,26296,25490,25721,26853,27122,27384,27640,27890,28240,28516,28785,29047
3568,Lavínia ,5100,5067,5037,4974,4939,4905,9050,9445,9060,9330,9995,10297,10590,10876,11156,11667,11980,12285,12581
3569,Lavrinhas ,6172,6289,6419,6692,6844,6994,6915,7002,6635,6678,6950,7002,7052,7102,7150,7207,7260,7311,7361
3570,Leme ,82167,83396,84621,87192,88615,90027,88299,88995,92601,93417,97505,98460,99388,100296,101184,102412,103391,104346,105273
3571,Lençóis Paulista ,56276,57188,58184,60275,61432,62580,62594,63314,61919,62393,65026,65587,66131,66664,67185,67859,68432,68990,69533
3572,Limeira ,253649,257731,261761,270223,274906,279554,278776,281583,278093,280096,291748,294128,296440,298701,300911,303682,306114,308482,310783
3573,Lindóia ,5456,5586,5705,6021,6161,6300,5924,5974,6814,6912,7265,7377,7485,7591,7695,7864,7980,8092,8201
3574,Lins ,66856,67498,68215,69721,70554,71382,72568,73183,71853,72260,75117,75612,76092,76562,77021,77510,78013,78503,78978
3575,Lorena ,78778,79624,80382,81973,82854,83728,82391,82770,82887,83224,86337,86764,87178,87584,87980,88276,88706,89125,89532
3576,Lourdes ,2049,2079,2112,2182,2221,2259,2031,2032,2138,2147,2227,2238,2249,2260,2270,2278,2289,2300,2311
3577,Louveira ,24917,25511,26258,27825,28692,29553,32406,33251,38140,39122,41700,42796,43862,44904,45922,47748,48885,49993,51007
3578,Lucélia ,18358,18420,18468,18569,18625,18681,20117,20284,20003,20119,20918,21059,21196,21330,21461,21604,21747,21886,22022
3579,Lucianópolis ,2128,2112,2092,2051,2029,2006,2418,2443,2257,2264,2345,2355,2364,2372,2381,2385,2394,2403,2412
3580,Luís Antônio ,7316,7438,7567,7837,7987,8136,11489,11924,11603,11910,12704,13046,13378,13703,14021,14592,14947,15292,15628
3581,Luiziânia ,4285,4299,4310,4334,4347,4360,5061,5138,5089,5145,5384,5449,5511,5573,5633,5723,5790,5855,5918
3582,Lupércio ,4237,4261,4276,4306,4323,4339,4384,4396,4363,4372,4523,4536,4549,4561,4573,4571,4584,4596,4608
3583,Lutécia ,2927,2951,2976,3029,3058,3087,2861,2855,2700,2687,2754,2741,2729,2717,2705,2663,2649,2636,2623
3584,Macatuba ,16034,16233,16456,16924,17183,17440,16842,16939,16298,16336,16909,16961,17013,17063,17111,17111,17163,17214,17263
3585,Macaubal ,7145,7386,7387,7388,7388,7389,7652,7672,7685,7705,7978,8006,8033,8060,8086,8093,8120,8147,8174
3586,Macedônia ,3738,3720,3701,3661,3639,3617,3430,3393,3657,3650,3756,3751,3746,3741,3736,3704,3698,3692,3686
3587,Magda ,3390,3367,3342,3289,3259,3230,3187,3160,3184,3167,3246,3230,3215,3200,3185,3136,3119,3102,3086
3588,Mairinque ,40945,42190,43218,45376,46570,47756,43349,43658,43473,43714,45436,45729,46015,46294,46567,46852,47150,47441,47723
3589,Mairiporã ,62136,64356,66326,70461,72750,75022,77443,79155,82556,84104,88883,90627,92323,93981,95601,98374,100179,101937,103645
3590,Manduri ,8381,8480,8577,8781,8894,9006,9051,9123,9048,9101,9464,9529,9592,9653,9714,9780,9846,9910,9972
3591,Marabá Paulista ,3717,3742,3762,3804,3827,3851,5787,5996,4898,4981,5251,5345,5435,5524,5611,5757,5853,5948,6039
3592,Maracaí ,13035,13117,13169,13280,13340,13401,13655,13710,13358,13382,13842,13878,13913,13948,13981,13967,14002,14036,14069
3593,Marapoama ,2282,2323,2362,2445,2490,2536,2731,2780,2664,2693,2818,2852,2885,2917,2949,2996,3031,3064,3097
3594,Mariápolis ,3793,3749,3701,3598,3542,3486,3896,3896,3921,3926,4057,4064,4072,4079,4087,4077,4084,4091,4098
3595,Marília ,201574,204957,208492,215911,220017,224093,223454,225938,218229,219664,228618,230336,232006,233639,235234,237130,238882,240590,242249
3596,Marinópolis ,2205,2218,2228,2250,2262,2274,2163,2158,2107,2101,2160,2155,2150,2145,2140,2117,2112,2106,2101
3597,Martinópolis ,22672,22908,23169,23717,24021,24322,25256,25533,24363,24502,25473,25641,25805,25966,26123,26289,26461,26628,26791
3598,Matão ,72746,73466,74261,75929,76853,77769,77682,78222,77173,77546,80528,80990,81439,81878,82307,82702,83170,83626,84069
3599,Mauá ,371475,377782,384461,398482,406242,413943,412753,417458,421184,425169,444136,448776,453286,457696,462005,468148,472912,477552,481725
3600,Mendonça ,3784,3813,3838,3891,3921,3950,4177,4217,4708,4774,5014,5089,5161,5232,5302,5413,5490,5565,5638
3601,Meridiano ,4055,4076,4099,4149,4176,4203,3941,3929,3842,3830,3934,3923,3912,3902,3892,3848,3836,3824,3813
3602,Mesópolis ,1920,1913,1905,1889,1880,1871,1784,1767,1883,1880,1935,1933,1931,1928,1926,1910,1908,1905,1903
3603,Miguelópolis ,19202,19358,19516,19846,20029,20210,20918,21095,20561,20668,21471,21602,21728,21852,21973,22093,22226,22355,22480
3604,Mineiros do Tietê ,11650,11819,12009,12407,12627,12846,12258,12334,12087,12133,12583,12642,12700,12757,12812,12849,12908,12966,13023
3605,Miracatu ,22774,23101,23434,24134,24521,24906,23688,23801,20455,20322,20790,20660,20533,20409,20288,19919,19779,19643,19511
3606,Mira Estrela ,2587,2581,2574,2560,2552,2544,2659,2663,2838,2854,2968,2988,3007,3027,3045,3066,3086,3106,3125
3607,Mirandópolis ,26112,26252,26399,26707,26878,27047,26705,26761,27602,27717,28758,28902,29043,29181,29315,29418,29564,29706,29844
3608,Mirante do Paranapanema ,16335,16431,16532,16744,16861,16977,17967,18131,17124,17187,17820,17901,17979,18056,18130,18178,18259,18338,18415
3609,Mirassol ,49420,50229,51112,52966,53991,55009,54350,54920,54212,54618,56910,57390,57857,58314,58760,59333,59824,60303,60768
3610,Mirassolândia ,3832,3893,3963,4111,4193,4274,4338,4396,4338,4379,4574,4622,4668,4714,4758,4822,4871,4919,4966
3611,Mococa ,66409,67089,67792,69268,70085,70896,68481,68718,66345,66399,68590,68695,68797,68897,68994,68788,68885,68980,69072
3612,Mogi das Cruzes ,336618,342248,347821,359519,365993,372419,371372,375268,392196,396468,414907,419839,424633,429321,433901,440769,445842,450785,455587
3613,Mogi Guaçu ,127001,129162,131451,136258,138918,141559,138494,139836,138245,139211,144963,146114,147233,148327,149396,150713,151888,153033,154146
3614,Mogi Mirim ,83412,84984,86616,90042,91938,93820,87800,88373,86892,87266,90558,91027,91483,91929,92365,92715,93189,93650,94098
3615,Mombuca ,3162,3214,3264,3369,3427,3484,3440,3471,3279,3291,3411,3426,3441,3456,3470,3478,3493,3508,3523
3616,Monções ,2048,2044,2039,2028,2022,2016,2124,2129,2138,2144,2219,2227,2235,2242,2249,2252,2259,2267,2274
3617,Mongaguá ,37080,38480,40049,43344,45167,46977,43284,44087,47153,47984,50641,51580,52492,53384,54257,55731,56702,57648,58567
3618,Monte Alegre do Sul ,6432,6507,6593,6774,6874,6973,7371,7473,7216,7278,7593,7665,7736,7804,7871,7964,8038,8111,8181
3619,Monte Alto ,44064,44427,44805,45599,46038,46474,45719,45895,46875,47100,48907,49186,49456,49721,49979,50216,50498,50772,51039
3620,Monte Aprazível ,18523,18604,18693,18879,18982,19085,20789,21015,22002,22250,23294,23579,23857,24128,24393,24794,25087,25373,25651
3621,Monte Azul Paulista ,19776,19943,20124,20505,20715,20924,19739,19741,18884,18838,19376,19339,19304,19268,19234,19050,19008,18968,18928
3622,Monte Castelo ,4012,3957,3895,3766,3695,3624,4130,4131,4062,4060,4187,4187,4188,4189,4190,4166,4166,4166,4166
3623,Monteiro Lobato ,3618,3664,3687,3736,3762,3789,4235,4295,4159,4197,4381,4424,4467,4509,4549,4608,4653,4696,4739
3624,Monte Mor ,38529,39819,40969,43384,44721,46047,45811,46641,49841,50702,53488,54462,55409,56335,57240,58765,59772,60754,61707
3625,Morro Agudo ,25906,26306,26714,27570,28044,28514,26245,26305,29400,29673,30991,31310,31620,31923,32220,32641,32968,33288,33598
3626,Morungaba ,10129,10269,10435,10784,10977,11168,12999,13305,11912,12050,12621,12779,12934,13085,13232,13458,13622,13781,13936
3627,Motuca ,3942,3991,4047,4164,4229,4294,4618,4691,4323,4354,4534,4571,4607,4642,4676,4720,4758,4795,4831
3628,Murutinga do Sul ,3985,4011,4029,4068,4089,4111,4264,4290,4203,4219,4375,4395,4415,4434,4453,4466,4486,4506,4525
3629,Nantes ,2257,2246,2235,2213,2201,2188,2627,2662,2741,2774,2905,2943,2979,3014,3049,3103,3141,3179,3215
3630,Narandiba ,3815,3870,3929,4053,4122,4190,4131,4167,4330,4371,4564,4611,4657,4702,4746,4809,4857,4904,4950
3631,Natividade da Serra ,7004,7056,7104,7205,7261,7317,7613,7674,6657,6637,6821,6803,6786,6770,6754,6681,6661,6642,6624
3632,Nazaré Paulista ,14711,14986,15254,15815,16126,16434,15168,15232,16568,16717,17451,17625,17794,17959,18121,18346,18524,18698,18866
3633,Neves Paulista ,8987,9032,9090,9212,9279,9346,9102,9114,8762,8752,9017,9012,9008,9003,8999,8936,8930,8923,8917
3634,Nhandeara ,10179,10163,10148,10118,10101,10084,10726,10771,10766,10806,11203,11254,11303,11351,11398,11427,11478,11527,11575
3635,Nipoã ,3318,3366,3412,3509,3562,3615,4029,4103,4352,4427,4669,4753,4835,4916,4994,5126,5213,5298,5381
3636,Nova Aliança ,4835,4889,4945,5062,5128,5192,5110,5140,5978,6061,6367,6462,6555,6645,6733,6875,6973,7068,7161
3637,Nova Campina ,7551,7732,7935,8361,8596,8830,9091,9267,8609,8700,9100,9205,9307,9406,9504,9647,9755,9860,9962
3638,Nova Canaã Paulista ,2450,2429,2404,2351,2321,2292,2203,2172,2086,2059,2087,2059,2032,2005,1978,1911,1881,1852,1824
3639,Nova Castilho ,999,1003,1008,1020,1026,1032,1111,1122,1136,1146,1195,1206,1217,1228,1239,1255,1267,1278,1290
3640,Nova Europa ,7539,7712,7900,8295,8514,8731,9840,10092,9453,9601,10108,10276,10439,10599,10755,11013,11186,11355,11519
3641,Nova Granada ,17283,17467,17675,18110,18351,18591,18543,18683,19346,19507,20346,20534,20717,20896,21071,21307,21500,21689,21871
3642,Nova Guataporanga ,2081,2077,2073,2063,2058,2053,2176,2184,2184,2191,2270,2279,2288,2296,2304,2308,2316,2325,2333
3643,Nova Independência ,2066,2078,2084,2098,2106,2114,2681,2742,3146,3220,3423,3507,3588,3667,3745,3883,3969,4053,4135
3644,Novais ,3230,3253,3267,3294,3310,3325,3908,3974,4697,4799,5089,5202,5313,5421,5527,5712,5830,5945,6057
3645,Nova Luzitânia ,2768,2771,2781,2802,2814,2825,3701,3795,3495,3546,3728,3787,3843,3899,3953,4041,4101,4160,4217
3646,Nova Odessa ,43049,43756,44538,46180,47088,47990,48170,48754,51946,52627,55229,56008,56764,57504,58227,59371,60174,60956,61716
3647,Novo Horizonte ,32662,32850,33044,33451,33676,33900,35942,36271,36913,37222,38828,39191,39543,39888,40225,40680,41052,41414,41765
3648,Nuporanga ,6373,6418,6469,6576,6635,6693,6945,7004,6856,6894,7164,7210,7255,7299,7341,7386,7432,7478,7522
3649,Ocauçu ,4143,4133,4119,4089,4072,4055,4328,4341,4163,4163,4296,4299,4302,4305,4308,4287,4289,4291,4294
3650,Óleo ,3011,3035,3053,3093,3115,3137,2729,2699,2649,2625,2676,2652,2628,2605,2583,2522,2496,2471,2447
3651,Olímpia ,46361,46667,46970,47607,47959,48309,50215,50602,50332,50630,52650,53010,53360,53702,54037,54406,54772,55130,55477
3652,Onda Verde ,3485,3536,3593,3713,3779,3845,3953,4005,3921,3956,4128,4169,4209,4248,4286,4339,4381,4422,4462
3653,Oriente ,5770,5691,5601,5412,5308,5205,6341,6382,6120,6141,6366,6394,6421,6447,6473,6487,6515,6542,6569
3654,Orindiúva ,4295,4396,4504,4733,4860,4985,5294,5406,5792,5904,6244,6370,6493,6614,6731,6935,7066,7194,7318
3655,Orlândia ,36555,36990,37447,38408,38939,39467,37422,37534,40071,40352,42020,42354,42678,42996,43306,43687,44028,44360,44682
3656,Osasco ,661155,670345,678583,695879,705450,714950,713066,718646,667826,668877,691652,693271,694844,696382,697886,696850,698418,699944,701428
3657,Oscar Bressane ,2554,2556,2558,2562,2565,2567,2540,2536,2536,2535,2614,2614,2615,2615,2616,2602,2603,2603,2603
3658,Osvaldo Cruz ,29723,29802,29873,30023,30105,30188,31317,31461,31015,31109,32229,32353,32475,32593,32709,32754,32879,33000,33118
3659,Ourinhos ,95861,97421,99071,102533,104448,106350,103631,104542,103739,104420,108674,109489,110282,111056,111813,112711,113542,114352,115139
3660,Ouroeste ,6455,6573,6705,6981,7134,7286,7482,7598,8568,8725,9215,9392,9564,9733,9897,10177,10361,10539,10712
3661,Ouro Verde ,7153,7160,7165,7176,7182,7189,8074,8162,7851,7899,8216,8274,8330,8386,8440,8503,8562,8620,8676
3662,Pacaembu ,12528,12550,12565,12596,12614,12631,13672,13778,13281,13333,13829,13896,13961,14024,14086,14130,14197,14263,14326
3663,Palestina ,9108,9119,9127,9146,9156,9166,11153,11354,11201,11346,11904,12070,12231,12388,12542,12786,12957,13123,13285
3664,Palmares Paulista ,8574,8672,8781,9010,9136,9262,11444,11742,11126,11312,11922,12132,12336,12536,12730,13058,13275,13486,13691
3665,Palmeira d'Oeste ,10245,10190,10129,10000,9929,9858,9771,9706,9528,9473,9700,9647,9596,9545,9496,9340,9283,9227,9173
3666,Palmital ,20944,21126,21323,21736,21965,22193,22190,22323,21224,21260,21987,22041,22094,22146,22196,22168,22221,22272,22322
3667,Panorama ,13804,13924,14051,14319,14467,14614,14502,14577,14655,14725,15288,15374,15458,15539,15619,15690,15777,15862,15944
3668,Paraguaçu Paulista ,40321,40834,41398,42582,43238,43889,44249,44685,42483,42680,44310,44555,44794,45027,45255,45455,45703,45945,46180
3669,Paraibuna ,17250,17455,17661,18096,18336,18574,16863,16833,17418,17446,18040,18083,18125,18166,18206,18180,18222,18263,18302
3670,Paraíso ,5514,5575,5643,5786,5865,5943,5785,5816,5934,5969,6207,6249,6290,6330,6369,6411,6454,6496,6536
3671,Paranapanema ,15820,16081,16346,16902,17210,17516,17558,17752,17985,18155,18965,19164,19357,19545,19730,19993,20197,20395,20588
3672,Paranapuã ,3615,3604,3590,3563,3547,3532,3732,3739,3830,3843,3983,4001,4018,4035,4051,4061,4078,4095,4112
3673,Parapuã ,11076,11038,11007,10943,10907,10872,11383,11402,10825,10805,11124,11110,11098,11085,11073,10980,10964,10949,10934
3674,Pardinho ,4896,5003,5129,5393,5539,5684,5285,5337,5648,5711,5979,6051,6122,6191,6259,6360,6435,6508,6579
3675,Pariquera-Açu ,18196,18593,19031,19950,20459,20964,18815,18918,18508,18567,19239,19316,19391,19465,19537,19570,19648,19723,19797
3676,Parisi ,2003,2039,2081,2170,2219,2268,2132,2149,2039,2045,2118,2126,2134,2142,2150,2153,2161,2169,2177
3677,Patrocínio Paulista ,11627,11774,11940,12289,12482,12673,12811,12943,13122,13240,13821,13959,14093,14223,14351,14529,14670,14807,14941
3678,Paulicéia ,5434,5543,5655,5889,6019,6148,5750,5791,6419,6496,6807,6895,6981,7065,7147,7274,7366,7454,7540
3679,Paulínia ,53027,54402,55830,58827,60486,62132,81544,84577,84512,86800,92668,95221,97702,100128,102499,106776,109424,112003,114508
3680,Paulistânia ,1816,1833,1858,1910,1939,1967,1898,1909,1779,1779,1836,1837,1839,1840,1841,1832,1833,1834,1835
3681,Paulo de Faria ,8490,8504,8519,8550,8568,8585,9378,9463,8598,8607,8893,8909,8924,8939,8953,8930,8945,8959,8973
3682,Pederneiras ,37154,37580,38029,38970,39492,40009,42661,43245,41872,42235,44073,44498,44910,45314,45708,46251,46687,47111,47523
3683,Pedra Bela ,5661,5707,5753,5849,5902,5954,6097,6142,5794,5806,6009,6027,6044,6062,6078,6075,6093,6110,6127
3684,Pedranópolis ,2684,2656,2620,2544,2502,2460,2827,2834,2545,2532,2595,2582,2570,2558,2547,2508,2494,2481,2468
3685,Pedregulho ,15135,15260,15384,15643,15787,15929,15717,15777,15755,15807,16382,16450,16517,16582,16645,16676,16744,16811,16876
3686,Pedreira ,36135,36744,37452,38937,39759,40575,40269,40752,42045,42516,44509,45052,45579,46094,46598,47361,47919,48463,48992
3687,Pedrinhas Paulista ,2895,2920,2947,3004,3036,3067,2923,2927,2947,2952,3054,3062,3071,3079,3087,3085,3093,3101,3109
3688,Pedro de Toledo ,9343,9471,9603,9880,10033,10186,10163,10254,10283,10358,10791,10880,10967,11053,11136,11240,11331,11421,11507
3689,Penápolis ,55346,55971,56591,57893,58613,59328,59183,59597,58808,59096,61371,61726,62071,62409,62738,63047,63407,63757,64098
3690,Pereira Barreto ,24959,24911,24857,24743,24680,24618,24821,24777,24957,24953,25742,25755,25767,25779,25790,25660,25669,25677,25685
3691,Pereiras ,6478,6600,6774,7139,7341,7541,7910,8076,7549,7640,8006,8111,8213,8312,8410,8560,8668,8773,8875
3692,Peruíbe ,53669,55381,57205,61034,63153,65256,57151,57686,60412,61030,63815,64531,65226,65907,66572,67548,68284,69001,69697
3693,Piacatu ,4636,4643,4651,4669,4679,4689,5398,5472,5338,5387,5626,5683,5739,5793,5846,5922,5980,6038,6093
3694,Piedade ,50922,51509,52149,53492,54235,54972,49607,49508,52298,52447,54323,54523,54717,54907,55092,55149,55348,55542,55731
3695,Pilar do Sul ,24497,24886,25322,26236,26742,27244,28058,28455,26595,26778,27880,28097,28309,28516,28718,28963,29185,29402,29612
3696,Pindamonhangaba ,128627,131068,133408,138320,141039,143737,142997,144613,148605,150162,157062,158864,160614,162327,164000,166475,168328,170132,171885
3697,Pindorama ,13193,13264,13335,13486,13569,13652,15178,15377,15188,15331,16013,16180,16342,16501,16656,16877,17049,17216,17378
3698,Pinhalzinho ,11283,11523,11772,12296,12585,12873,12451,12591,13268,13425,14067,14247,14423,14595,14763,15021,15207,15388,15564
3699,Piquerobi ,3504,3522,3543,3586,3610,3633,3756,3781,3542,3546,3665,3672,3679,3686,3693,3685,3692,3699,3706
3700,Piquete ,15231,15295,15339,15431,15483,15533,14766,14709,14024,13942,14278,14199,14123,14048,13976,13742,13657,13575,13495
3701,Piracaia ,23476,24262,24686,25578,26071,26561,22815,22740,25252,25384,26371,26532,26688,26841,26991,27140,27303,27462,27617
3702,Piracicaba ,334402,339772,344698,355039,360762,366442,365440,368843,367290,369919,385287,388412,391449,394419,397322,400949,404142,407252,410275
3703,Piraju ,28091,28280,28458,28831,29038,29243,29282,29398,28520,28563,29532,29599,29664,29728,29790,29741,29806,29869,29930
3704,Pirajuí ,20124,20361,20485,20745,20888,21031,22014,22192,22905,23098,24098,24325,24546,24762,24973,25259,25492,25719,25939
3705,Pirangi ,10060,10074,10091,10126,10145,10164,10744,10807,10668,10712,11112,11167,11220,11272,11323,11362,11417,11471,11524
3706,Pirapora do Bom Jesus ,12876,13329,13762,14672,15176,15676,15410,15706,15990,16238,17091,17372,17646,17913,18174,18604,18895,19178,19453
3707,Pirapozinho ,22237,22338,22447,22675,22801,22926,24964,25236,24893,25086,26146,26374,26594,26810,27021,27295,27527,27754,27974
3708,Pirassununga ,65848,66572,67365,69029,69950,70864,70912,71470,70482,70869,73656,74128,74587,75035,75474,75930,76409,76877,77330
3709,Piratininga ,10683,10779,10870,11060,11165,11270,11868,11989,12187,12297,12839,12968,13093,13216,13335,13503,13636,13765,13890
3710,Pitangueiras ,31813,32020,32421,33262,33728,34190,35070,35441,35626,35934,37499,37860,38211,38554,38889,39349,39719,40080,40430
3711,Planalto ,3690,3706,3723,3759,3778,3798,4247,4302,4524,4583,4808,4876,4941,5005,5067,5167,5237,5304,5370
3712,Platina ,2872,2875,2879,2886,2891,2895,3359,3407,3217,3242,3378,3406,3434,3461,3488,3521,3550,3578,3606
3713,Poá ,98109,99904,101808,105805,108017,110213,111016,112481,106797,107556,112015,112917,113793,114650,115488,116530,117452,118349,119221
3714,Poloni ,4799,4826,4850,4901,4929,4957,5074,5100,5443,5489,5726,5780,5833,5884,5935,6004,6059,6113,6166
3715,Pompéia ,18270,18368,18459,18651,18757,18862,19998,20168,20102,20235,21060,21220,21375,21526,21674,21851,22014,22172,22326
3716,Pongaí ,3705,3717,3728,3750,3763,3776,3530,3510,3465,3449,3537,3523,3508,3494,3480,3432,3416,3400,3385
3717,Pontal ,30497,31128,31799,33209,33989,34763,38409,39272,41055,41840,44236,45119,45978,46818,47638,49047,49961,50852,51717
3718,Pontalinda ,3586,3622,3660,3741,3786,3830,4142,4200,4116,4155,4341,4388,4433,4476,4519,4580,4628,4674,4719
3719,Pontes Gestal ,2490,2449,2408,2320,2272,2224,2557,2557,2517,2515,2593,2593,2593,2593,2594,2577,2577,2577,2576
3720,Populina ,4417,4403,4381,4336,4310,4285,4275,4253,4206,4189,4299,4284,4269,4254,4240,4186,4169,4152,4136
3721,Porangaba ,6754,6872,6975,7189,7308,7426,8739,8946,8455,8579,9021,9162,9299,9434,9565,9779,9925,10067,10205
3722,Porto Feliz ,46498,47319,48157,49915,50888,51854,47774,47964,49153,49404,51320,51628,51928,52221,52507,52785,53098,53402,53698
3723,Porto Ferreira ,48357,49319,50193,52026,53041,54048,50791,51090,51705,51999,54056,54413,54761,55100,55432,55787,56150,56504,56848
3724,Potim ,14066,14416,14793,15583,16020,16454,20026,20668,19842,20272,21501,21984,22453,22911,23360,24143,24643,25130,25603
3725,Potirendaba ,13621,14173,14412,14916,15194,15471,15003,15128,15587,15720,16401,16557,16709,16857,17002,17201,17361,17516,17668
3726,Pracinha ,1425,1424,1421,1414,1410,1407,3102,3271,2968,3074,3315,3433,3547,3659,3768,3971,4093,4212,4327
3727,Pradópolis ,13279,13552,13849,14473,14818,15160,16287,16619,17720,18052,19077,19450,19814,20169,20516,21110,21496,21873,22239
3728,Praia Grande ,200199,208329,215174,229542,237494,245386,244533,249551,267307,272390,287967,293695,299261,304705,310024,319146,325073,330845,336454
3729,Pratânia ,4025,4083,4145,4274,4346,4417,4555,4614,4649,4697,4912,4967,5021,5074,5126,5204,5261,5317,5371
3730,Presidente Alves ,4283,4278,4259,4221,4200,4179,4502,4517,4109,4094,4205,4192,4179,4167,4155,4108,4094,4080,4067
3731,Presidente Bernardes ,14791,14926,15048,15305,15448,15589,15327,15382,13487,13406,13724,13645,13568,13494,13420,13190,13106,13023,12943
3732,Presidente Epitácio ,39817,40234,40668,41580,42084,42585,40775,40891,41474,41624,43155,43348,43535,43718,43897,44006,44200,44389,44572
3733,Presidente Prudente ,192004,194173,196488,201347,204036,206704,206164,207725,209025,210393,218960,220599,222192,223749,225271,227072,228743,230371,231953
3734,Presidente Venceslau ,37530,37605,37725,37977,38116,38254,38368,38439,37954,37996,39265,39337,39407,39476,39544,39448,39516,39583,39648
3735,Promissão ,31500,31762,32067,32708,33062,33414,36997,37570,36025,36364,37985,38380,38764,39139,39506,40027,40432,40828,41211
3736,Quadra ,2749,2809,2882,3035,3120,3205,2779,2789,3281,3325,3489,3539,3587,3634,3680,3753,3804,3854,3902
3737,Quatá ,11691,11717,11746,11807,11841,11875,12467,12539,12887,12972,13501,13603,13702,13798,13893,14006,14109,14210,14309
3738,Queiroz ,2198,2220,2243,2292,2318,2345,2811,2875,2857,2905,3060,3114,3166,3217,3267,3351,3406,3460,3513
3739,Queluz ,9284,9407,9544,9831,9990,10148,11012,11197,11478,11641,12234,12419,12600,12777,12949,13228,13420,13606,13788
3740,Quintana ,5477,5497,5522,5574,5603,5631,5906,5948,6048,6089,6339,6389,6437,6484,6530,6587,6638,6688,6736
3741,Rafard ,8333,8312,8290,8243,8217,8191,8370,8364,8632,8651,8952,8979,9004,9030,9054,9050,9076,9101,9126
3742,Rancharia ,28994,29163,29345,29726,29937,30146,29138,29149,28807,28809,29732,29755,29778,29799,29821,29688,29707,29726,29743
3743,Redenção da Serra ,4051,4055,4059,4067,4071,4076,4230,4245,3860,3847,3952,3941,3930,3919,3908,3863,3851,3839,3827
3744,Regente Feijó ,17233,17426,17625,18042,18273,18502,17671,17725,18609,18720,19468,19602,19733,19860,19985,20124,20261,20394,20523
3745,Reginópolis ,4725,4735,4732,4726,4722,4718,7859,8172,7522,7713,8218,8432,8640,8844,9042,9399,9621,9837,10047
3746,Registro ,54086,54762,55230,56214,56759,57299,55081,55168,54301,54338,56123,56203,56280,56356,56430,56249,56322,56393,56463
3747,Restinga ,5705,5832,5947,6188,6321,6454,6780,6897,6664,6739,7054,7139,7223,7304,7384,7504,7593,7679,7762
3748,Ribeira ,3437,3387,3332,3216,3151,3087,3544,3545,3347,3336,3427,3418,3408,3399,3390,3351,3340,3330,3320
3749,Ribeirão Bonito ,11338,11439,11528,11716,11821,11924,11810,11857,12204,12270,12750,12831,12909,12986,13060,13137,13219,13299,13376
3750,Ribeirão Branco ,21470,21642,21833,22233,22455,22674,18867,18607,18042,17822,18093,17866,17646,17430,17220,16684,16444,16211,15984
3751,Ribeirão Corrente ,3962,4018,4082,4216,4289,4363,4188,4216,4304,4333,4510,4545,4579,4612,4644,4682,4718,4752,4786
3752,Ribeirão do Sul ,4536,4566,4598,4666,4703,4740,4651,4663,4443,4439,4575,4574,4573,4572,4571,4542,4541,4539,4537
3753,Ribeirão dos Índios ,2240,2253,2267,2297,2314,2331,2310,2317,2185,2182,2248,2247,2245,2244,2243,2227,2225,2224,2222
3754,Ribeirão Grande ,7543,7647,7766,8016,8154,8292,7035,6992,7425,7427,7667,7675,7682,7690,7697,7666,7673,7679,7686
3755,Ribeirão Pires ,106700,108595,110491,114473,116677,118864,111402,112011,113726,114361,118871,119644,120396,121130,121848,122607,123393,124159,125238
3756,Ribeirão Preto ,514160,520502,527733,542912,551312,559650,558136,563107,612340,619746,649556,658059,666323,674405,682302,694534,703293,711825,720116
3757,Riversul ,6915,6728,6512,6060,5809,5561,6588,6520,6085,6008,6096,6017,5941,5866,5792,5607,5524,5443,5364
3758,Rifaina ,3373,3415,3457,3545,3593,3641,3783,3826,3445,3453,3574,3586,3597,3608,3618,3618,3629,3640,3651
3759,Rincão ,10326,10325,10322,10317,10314,10311,10807,10846,10421,10427,10768,10782,10796,10809,10823,10786,10799,10812,10824
3760,Rinópolis ,10127,10063,9973,9786,9682,9579,9473,9385,9911,9887,10170,10152,10133,10116,10098,10003,9981,9961,9940
3761,Rio Claro ,171751,174525,177452,183597,186998,190373,189834,191886,187638,188977,196821,198413,199961,201473,202952,204797,206424,208008,209548
3762,Rio das Pedras ,23974,24418,24846,25746,26244,26739,28036,28478,29963,30409,31982,32489,32982,33464,33935,34704,35228,35738,36233
3763,Rio Grande da Serra ,37144,38604,39306,40780,41596,42405,41215,41602,44503,45014,47142,47731,48302,48861,49408,50241,50846,51436,52009
3764,Riolândia ,8659,8728,8806,8970,9061,9151,10365,10542,10730,10880,11429,11600,11766,11928,12086,12342,12518,12689,12856
3765,Rosana ,24655,24965,25306,26023,26420,26814,19428,18918,19343,19006,19156,18803,18459,18124,17795,17015,16643,16281,15929
3766,Roseira ,8821,9074,9304,9788,10056,10321,9446,9527,9678,9754,10168,10257,10344,10429,10512,10621,10712,10801,10888
3767,Rubiácea ,2299,2273,2244,2182,2148,2114,2633,2661,2760,2789,2917,2950,2983,3015,3046,3093,3128,3162,3195
3768,Rubinéia ,2647,2695,2732,2809,2852,2895,2614,2611,2881,2900,3017,3039,3060,3081,3102,3125,3148,3170,3191
3769,Sabino ,4994,5031,5068,5146,5189,5232,5381,5420,5238,5258,5452,5477,5502,5526,5549,5564,5590,5614,5638
3770,Sagres ,2412,2394,2373,2329,2305,2281,2349,2338,2392,2389,2460,2458,2456,2454,2453,2435,2432,2430,2427
3771,Sales ,4665,4732,4811,4976,5067,5158,5325,5399,5520,5586,5853,5929,6002,6074,6144,6253,6331,6407,6481
3772,Sales Oliveira ,9532,9681,9847,10194,10386,10576,8149,8021,10664,10756,11225,11333,11438,11541,11641,11779,11890,11998,12103
3773,Salesópolis ,14695,14988,15281,15895,16235,16573,15897,16041,15734,15828,16462,16576,16688,16797,16903,17022,17139,17252,17363
3774,Salmourão ,4389,4388,4382,4370,4363,4356,4748,4779,4851,4881,5079,5116,5152,5187,5222,5262,5300,5337,5372
3775,Saltinho ,5861,5951,6022,6170,6252,6333,7029,7149,7156,7250,7607,7714,7818,7919,8019,8176,8286,8393,8498
3776,Salto ,95717,97541,99575,103844,106207,108552,108471,109948,106465,107382,112052,113127,114171,115193,116191,117561,118663,119736,120779
3777,Salto de Pirapora ,36284,37119,38069,40063,41167,42262,39224,39616,40521,40897,42710,43148,43574,43990,44397,44972,45422,45860,46285
3778,Salto Grande ,8572,8667,8771,8988,9108,9227,8926,8968,8814,8839,9156,9190,9223,9255,9287,9297,9331,9364,9396
3779,Sandovalina ,3175,3233,3300,3441,3519,3596,3362,3387,3746,3792,3974,4026,4076,4126,4174,4248,4302,4354,4405
3780,Santa Adélia ,13554,13624,13706,13877,13972,14065,14448,14537,14401,14467,15017,15098,15178,15255,15331,15397,15480,15561,15639
3781,Santa Albertina ,5551,5526,5499,5440,5408,5376,5052,4992,5734,5744,5941,5956,5971,5985,5999,5993,6008,6022,6036
3782,Santa Bárbara d'Oeste ,172739,175299,177722,182808,185623,188417,187908,189573,180772,181509,188302,189233,190139,191024,191889,192536,193475,194390,195278
3783,Santa Branca ,13366,13579,13843,14397,14704,15009,13811,13881,13821,13877,14395,14465,14534,14601,14667,14717,14788,14857,14925
3784,Santa Clara d'Oeste ,2083,2044,2008,1931,1889,1847,2141,2141,2082,2079,2141,2139,2137,2136,2134,2118,2115,2113,2111
3785,Santa Cruz da Conceição ,3596,3656,3714,3836,3903,3970,4099,4154,4039,4074,4251,4292,4332,4371,4409,4461,4503,4544,4584
3786,Santa Cruz da Esperança ,1809,1818,1829,1850,1862,1874,1741,1733,1966,1977,2056,2070,2084,2097,2110,2124,2139,2153,2166
3787,Santa Cruz das Palmeiras ,26013,26342,26707,27473,27897,28318,32861,33583,30268,30593,32009,32384,32749,33106,33455,33975,34361,34737,35102
3788,Santa Cruz do Rio Pardo ,41379,41834,42259,43151,43645,44135,43279,43483,44152,44375,46092,46366,46633,46893,47148,47395,47673,47943,48207
3789,Santa Ernestina ,5760,5768,5780,5807,5821,5836,5634,5618,5555,5542,5701,5691,5681,5672,5662,5611,5599,5588,5577
3790,Santa Fé do Sul ,26888,27228,27560,28257,28643,29026,28966,29192,29449,29651,30872,31113,31348,31578,31802,32076,32322,32563,32796
3791,Santa Gertrudes ,16563,17047,17576,18687,19302,19913,20568,21028,22074,22499,23793,24272,24737,25192,25637,26403,26898,27381,27850
3792,Santa Isabel ,44302,44953,45516,46698,47352,48001,46645,46902,50969,51467,53784,54363,54926,55476,56014,56792,57386,57966,58529
3793,Santa Lúcia ,8049,8183,8336,8658,8836,9013,8133,8154,8279,8308,8613,8651,8687,8723,8758,8779,8817,8854,8889
3794,Santa Maria da Serra ,4658,4751,4787,4863,4905,4946,5809,5920,5470,5525,5776,5840,5902,5962,6021,6107,6173,6236,6298
3795,Santa Mercedes ,2783,2765,2748,2711,2691,2671,2617,2596,2834,2836,2929,2933,2937,2941,2945,2935,2939,2943,2947
3796,Santana da Ponte Pensa ,1836,1795,1749,1652,1599,1546,1643,1616,1622,1603,1629,1610,1591,1573,1555,1507,1487,1467,1448
3797,Santana de Parnaíba ,79260,82627,86247,93845,98050,102224,110730,114321,111422,113945,120998,123825,126574,129261,131887,136517,139447,142301,145073
3798,Santa Rita d'Oeste ,2596,2528,2451,2289,2199,2110,2521,2501,2532,2521,2585,2574,2564,2554,2544,2510,2498,2487,2476
3799,Santa Rita do Passa Quatro ,26531,26562,26758,27171,27400,27627,27447,27557,26505,26530,27411,27457,27502,27546,27590,27514,27557,27600,27641
3800,Santa Rosa de Viterbo ,21694,21906,22125,22584,22838,23091,23824,24049,24049,24229,25246,25459,25666,25869,26067,26322,26540,26753,26960
3801,Santa Salete ,1378,1378,1377,1376,1376,1375,1441,1446,1453,1458,1511,1517,1523,1530,1536,1539,1545,1552,1558
3802,Santo Anastácio ,20834,20906,20979,21131,21216,21300,21195,21222,20454,20434,21059,21051,21044,21037,21030,20889,20878,20866,20855
3803,Santo André ,652305,656136,659294,665923,669592,673234,671696,673396,678486,680496,704942,707613,710210,712749,715231,716109,718773,721368,723889
3804,Santo Antônio da Alegria ,5832,5892,5952,6076,6146,6214,6296,6346,6346,6386,6644,6692,6739,6785,6829,6880,6929,6977,7024
3805,Santo Antônio de Posse ,18623,18940,19318,20113,20552,20989,20973,21247,20844,21032,21957,22176,22389,22597,22801,23085,23310,23529,23742
3806,Santo Antônio do Aracanguá ,6918,6913,6906,6891,6882,6874,7303,7335,7680,7732,8048,8109,8169,8228,8285,8356,8420,8481,8541
3807,Santo Antônio do Jardim ,6209,6252,6298,6394,6447,6499,5824,5785,5927,5912,6078,6065,6053,6041,6029,5968,5954,5940,5926
3808,Santo Antônio do Pinhal ,6428,6533,6628,6827,6938,7047,6849,6896,6499,6510,6733,6750,6767,6784,6800,6794,6811,6827,6843
3809,Santo Expedito ,2568,2590,2620,2682,2716,2751,2918,2956,2825,2845,2963,2988,3011,3035,3057,3086,3111,3135,3159
3810,Santópolis do Aguapeí ,3810,3810,3807,3801,3798,3795,4199,4234,4313,4347,4532,4572,4611,4650,4687,4736,4777,4817,4856
3811,Santos ,417817,418095,418147,418255,418316,418375,417518,417098,419509,419614,433153,433565,433966,434359,434742,432957,433311,433656,433991
3812,São Bento do Sapucaí ,10559,10704,10866,11207,11395,11582,10918,10966,10477,10486,10831,10848,10864,10880,10895,10862,10878,10893,10907
3813,São Bernardo do Campo ,717790,731852,745161,773099,788560,803906,801580,810979,770253,774886,805895,811489,816925,822242,827437,833240,838936,844483,849874
3814,São Caetano do Sul ,138993,138190,137276,135357,134295,133241,151103,152093,149962,150638,156362,157205,158024,158825,159608,160275,161127,161957,162763
3815,São Carlos ,197184,200315,203711,210841,214786,218702,218080,220463,224173,226322,236457,238958,241389,243765,246088,249415,251983,254484,256915
3816,São Francisco ,2902,2931,2962,3028,3064,3100,2893,2894,2788,2783,2864,2861,2857,2854,2850,2826,2821,2817,2813
3817,São João da Boa Vista ,78203,79121,79925,81614,82549,83477,83369,83909,84119,84584,87912,88477,89027,89564,90089,90637,91211,91771,92315
3818,São João das Duas Pontes ,2648,2632,2620,2593,2578,2563,2635,2630,2559,2552,2624,2618,2612,2607,2601,2574,2568,2561,2555
3819,São João de Iracema ,1680,1686,1693,1708,1717,1725,1798,1810,1789,1797,1865,1875,1885,1894,1904,1912,1922,1932,1942
3820,São João do Pau d'Alho ,2101,2047,1985,1855,1783,1711,2191,2191,2098,2092,2150,2145,2141,2136,2132,2111,2105,2100,2095
3821,São Joaquim da Barra ,42284,42770,43319,44472,45110,45743,45782,46172,46891,47256,49259,49690,50110,50520,50921,51447,51888,52319,52737
3822,São José da Bela Vista ,8183,8276,8370,8565,8674,8782,8479,8513,8432,8456,8759,8791,8823,8854,8885,8895,8928,8960,8991
3823,São José do Barreiro ,4164,4187,4208,4251,4275,4298,4461,4490,4072,4068,4190,4188,4185,4183,4181,4151,4147,4144,4141
3824,São José do Rio Pardo ,50706,51234,51771,52898,53522,54141,53025,53281,52040,52176,54024,54209,54388,54563,54734,54763,54946,55124,55298
3825,São José do Rio Preto ,367247,374745,382274,398079,406826,415508,414272,419632,412076,415769,434039,438354,442548,446649,450657,456245,460671,464983,469173
3826,São José dos Campos ,550762,559710,569177,589050,600049,610965,609229,615871,636876,643603,673255,681036,688597,695992,703219,713943,721944,729737,737310
3827,São Lourenço da Serra ,12759,13186,13645,14607,15139,15668,17763,18319,14110,14241,14874,15028,15177,15323,15465,15667,15825,15978,16127
3828,São Luiz do Paraitinga ,10478,10536,10585,10689,10747,10804,10872,10908,10395,10393,10721,10726,10731,10735,10740,10684,10687,10690,10693
3829,São Manuel ,36973,37476,37908,38815,39317,39816,39434,39696,38480,38614,40027,40200,40367,40532,40692,40781,40954,41123,41287
3830,São Miguel Arcanjo ,31430,31938,32466,33577,34191,34801,31304,31329,31501,31549,32621,32696,32769,32840,32910,32859,32931,33002,33071
3831,São Paulo ,10499133,10600060,10677019,10838581,10927985,11016703,10990252,11037593,11316119,11376685,11821873,11895893,11967825,12038175,12106920,12176866,12252023,12325232,12396372
3832,São Pedro ,28810,29522,30276,31858,32734,33604,31257,31575,31951,32231,33638,33966,34284,34595,34898,35318,35653,35980,36298
3833,São Pedro do Turvo ,6911,6925,6942,6978,6998,7017,7393,7439,7222,7245,7508,7538,7567,7596,7624,7636,7666,7696,7724
3834,São Roque ,67591,68670,69613,71594,72690,73778,67669,67715,79757,80661,84460,85502,86515,87506,88473,89943,91016,92060,93076
3835,São Sebastião ,60832,63119,65477,70427,73167,75886,72236,73631,75163,76344,80379,81718,83020,84294,85538,87596,88980,90328,91637
3836,São Sebastião da Grama ,12529,12590,12652,12784,12857,12930,12951,12990,12072,12046,12394,12374,12355,12335,12317,12205,12182,12159,12137
3837,São Simão ,13887,14030,14195,14541,14733,14923,14280,14329,14398,14448,14976,15041,15104,15165,15225,15257,15322,15385,15446
3838,São Vicente ,306860,310901,314312,321474,325437,329370,328522,330795,334663,336809,350465,353040,355542,357989,360380,363173,365798,368355,370839
3839,Sarapuí ,7964,8084,8214,8486,8637,8787,8534,8601,9121,9212,9628,9734,9836,9936,10034,10177,10285,10390,10493
3840,Sarutaiá ,3820,3890,3960,4106,4188,4268,3789,3790,3614,3605,3707,3700,3694,3687,3681,3646,3638,3630,3623
3841,Sebastianópolis do Sul ,2550,2552,2555,2561,2565,2568,3059,3109,3069,3105,3252,3293,3334,3373,3411,3470,3513,3554,3595
3842,Serra Azul ,7605,7714,7838,8100,8244,8388,9880,10121,11549,11832,12592,12908,13216,13516,13810,14334,14662,14981,15292
3843,Serrana ,33738,34577,35494,37418,38482,39539,38956,39574,39360,39826,41728,42264,42784,43293,43790,44555,45107,45644,46166
3844,Serra Negra ,24100,24303,24512,24953,25196,25438,25741,25912,26582,26770,27879,28103,28321,28534,28742,29001,29229,29452,29669
3845,Sertãozinho ,96605,98007,99558,102815,104618,106407,109565,110999,111257,112401,117539,118864,120152,121412,122643,124453,125815,127142,128432
3846,Sete Barras ,13809,13964,14080,14323,14458,14591,13211,13148,12951,12898,13239,13190,13144,13098,13053,12884,12832,12780,12731
3847,Severínia ,14002,14305,14629,15311,15688,16063,15523,15707,15647,15788,16482,16646,16806,16962,17115,17328,17496,17661,17820
3848,Silveiras ,5428,5476,5521,5616,5669,5721,5803,5841,5824,5855,6083,6121,6158,6193,6228,6264,6302,6339,6375
3849,Socorro ,32855,33112,33302,33700,33920,34139,34312,34447,36992,37288,38878,39227,39565,39896,40220,40648,41005,41352,41690
3850,Sorocaba ,508848,517551,528729,552194,565180,578068,576312,584313,593776,600692,629231,637187,644919,652481,659871,671186,679378,687357,695328
3851,Sud Mennucci ,7382,7399,7414,7447,7465,7483,8075,8141,7441,7446,7691,7702,7712,7723,7733,7708,7718,7728,7738
3852,Sumaré ,202813,208445,213886,225307,231627,237900,237135,241077,242960,246247,258556,262308,265955,269522,273007,278571,282441,286211,289875
3853,Suzano ,236985,243387,250208,264528,272452,280318,279394,284356,265074,267583,279520,282441,285280,288056,290769,294638,297637,300559,303397
3854,Suzanápolis ,2830,2822,2837,2868,2886,2903,3714,3805,3429,3473,3642,3693,3742,3790,3836,3911,3963,4014,4063
3855,Tabapuã ,10549,10605,10657,10766,10826,10886,11851,11980,11430,11495,11949,12027,12103,12178,12251,12328,12407,12485,12561
3856,Tabatinga ,13259,13452,13667,14117,14366,14614,14712,14876,14817,14943,15590,15738,15881,16021,16159,16345,16496,16644,16787
3857,Taboão da Serra ,202049,205547,209215,216914,221176,225405,224757,227343,248127,251608,264352,268321,272177,275948,279634,285570,289664,293652,297528
3858,Taciba ,5277,5320,5366,5463,5516,5569,5637,5675,5752,5789,6023,6067,6110,6152,6193,6240,6285,6329,6371
3859,Taguaí ,7575,7687,7788,8002,8120,8237,10542,10849,11086,11336,12034,12314,12586,12851,13111,13569,13859,14141,14415
3860,Taiaçu ,5692,5746,5805,5929,5997,6065,6053,6093,5916,5936,6153,6179,6205,6230,6255,6268,6295,6320,6346
3861,Taiúva ,5541,5567,5595,5654,5686,5719,5509,5505,5443,5439,5606,5605,5605,5604,5603,5568,5566,5564,5562
3862,Tambaú ,22526,22763,22998,23490,23762,24033,22564,22575,22418,22429,23159,23187,23214,23241,23267,23182,23207,23232,23255
3863,Tanabi ,22723,22813,22918,23138,23260,23381,24424,24591,24168,24277,25199,25335,25467,25597,25723,25830,25967,26101,26231
3864,Tapiraí ,8870,9167,9444,10025,10347,10666,8052,7991,7970,7928,8125,8085,8047,8010,7973,7850,7807,7766,7725
3865,Tapiratiba ,13059,13182,13294,13528,13658,13787,12469,12410,12722,12707,13091,13084,13076,13069,13062,12970,12960,12950,12940
3866,Taquaral ,2757,2782,2809,2867,2899,2931,2953,2974,2727,2727,2814,2817,2819,2821,2823,2810,2811,2813,2815
3867,Taquaritinga ,52666,53147,53649,54704,55287,55866,55372,55662,54136,54279,56204,56398,56587,56771,56951,56984,57177,57364,57547
3868,Taquarituba ,22400,22707,23043,23749,24140,24528,22978,23060,22315,22338,23083,23123,23163,23202,23240,23180,23218,23256,23292
3869,Taquarivaí ,4643,4767,4903,5189,5347,5504,5446,5541,5204,5254,5489,5548,5605,5660,5715,5792,5852,5911,5968
3870,Tarabai ,5920,6012,6116,6336,6458,6578,6406,6464,6671,6731,7028,7099,7168,7236,7302,7395,7468,7540,7609
3871,Tarumã ,10891,10989,11103,11342,11475,11606,13151,13386,13050,13209,13845,14027,14205,14378,14547,14812,15000,15183,15361
3872,Tatuí ,95556,97326,99134,102930,105030,107115,107651,109017,108393,109425,114314,115515,116682,117823,118939,120533,121766,122967,124134
3873,Taubaté ,248667,251992,255625,263251,267471,271660,270918,273426,281336,283899,296431,299423,302331,305174,307953,311854,314924,317915,320820
3874,Tejupá ,5406,5463,5522,5646,5714,5782,5096,5067,4769,4730,4828,4788,4750,4713,4677,4574,4532,4491,4452
3875,Teodoro Sampaio ,20131,20227,20331,20549,20670,20789,21107,21202,21493,21595,22424,22551,22675,22795,22914,23019,23148,23273,23395
3876,Terra Roxa ,7890,7987,8096,8325,8452,8578,8545,8619,8563,8619,8969,9036,9101,9164,9227,9302,9370,9437,9502
3877,Tietê ,32288,33147,33814,35214,35989,36758,35821,36211,37229,37609,39324,39765,40194,40613,41022,41622,42076,42517,42946
3878,Timburi ,2719,2706,2694,2670,2656,2643,2567,2548,2640,2634,2709,2704,2699,2695,2690,2663,2658,2652,2647
3879,Torre de Pedra ,2307,2335,2424,2610,2713,2815,3058,3149,2263,2271,2354,2365,2375,2385,2395,2401,2412,2422,2432
3880,Torrinha ,8978,9118,9248,9521,9673,9823,9245,9278,9368,9405,9754,9801,9846,9890,9934,9963,10010,10056,10100
3881,Trabiju ,1394,1407,1419,1445,1460,1474,1507,1519,1557,1569,1635,1650,1664,1677,1691,1709,1724,1738,1752
3882,Tremembé ,35695,36349,37057,38543,39366,40182,40601,41159,41457,41915,43871,44399,44912,45414,45904,46642,47185,47714,48228
3883,Três Fronteiras ,5151,5168,5172,5180,5185,5189,5167,5163,5448,5468,5669,5694,5719,5743,5767,5781,5807,5832,5856
3884,Tuiuti ,5036,5137,5222,5398,5496,5593,6165,6284,6005,6078,6369,6452,6533,6612,6689,6808,6894,6977,7058
3885,Tupã ,63785,64176,64567,65388,65842,66293,64078,64098,63487,63498,65540,65596,65651,65705,65758,65477,65524,65570,65615
3886,Tupi Paulista ,13196,13126,13052,12897,12810,12725,14298,14389,14345,14418,14976,15066,15153,15238,15321,15404,15495,15583,15670
3887,Turiúba ,1870,1855,1836,1797,1775,1754,2028,2040,1933,1936,2000,2005,2009,2013,2016,2012,2016,2020,2024
3888,Turmalina ,2319,2285,2248,2169,2125,2082,1998,1958,1949,1920,1942,1912,1883,1854,1827,1759,1727,1696,1667
3889,Ubarana ,4381,4510,4645,4927,5083,5238,4799,4855,5372,5451,5732,5822,5910,5996,6080,6216,6309,6400,6488
3890,Ubatuba ,68787,70956,72857,76847,79055,81246,79834,81096,79718,80604,84377,85399,86392,87364,88313,89747,90799,91824,92819
3891,Ubirajara ,4148,4149,4145,4138,4134,4130,4446,4472,4448,4468,4637,4662,4687,4711,4734,4754,4780,4804,4828
3892,Uchoa ,9119,9182,9251,9394,9474,9552,9753,9818,9505,9537,9885,9927,9968,10008,10047,10068,10110,10151,10191
3893,União Paulista ,1364,1361,1364,1371,1375,1379,1508,1522,1618,1636,1712,1733,1754,1773,1793,1823,1844,1865,1886
3894,Urânia ,8835,8841,8849,8865,8874,8883,8998,9007,8837,8838,9121,9128,9135,9141,9148,9108,9114,9120,9125
3895,Uru ,1407,1416,1421,1432,1438,1445,1397,1395,1240,1228,1252,1240,1229,1218,1207,1177,1165,1153,1142
3896,Urupês ,11934,12006,12086,12255,12348,12441,12347,12388,12782,12848,13345,13426,13504,13580,13655,13727,13809,13888,13965
3897,Valentim Gentil ,8959,9173,9437,9990,10297,10601,9952,10082,11223,11404,12012,12217,12416,12610,12800,13115,13326,13532,13732
3898,Valinhos ,84601,86147,87621,90714,92425,94124,105282,107481,108622,110390,116308,118312,120258,122163,124024,127123,129193,131210,133169
3899,Valparaíso ,18823,19000,19198,19612,19842,20070,22165,22514,22884,23181,24323,24663,24993,25316,25632,26130,26480,26822,27154
3900,Vargem ,7217,7389,7581,7985,8208,8430,7092,7098,8942,9077,9550,9704,9854,10000,10143,10378,10537,10692,10842
3901,Vargem Grande do Sul ,37229,37428,37950,39047,39654,40256,38925,39160,39494,39714,41279,41547,41807,42061,42310,42573,42845,43110,43368
3902,Vargem Grande Paulista ,34596,36221,37862,41309,43217,45110,43664,44754,43789,44555,47013,47879,48720,49542,50346,51702,52597,53468,54315
3903,Várzea Paulista ,95585,97824,100156,105051,107760,110449,105954,107211,108186,109247,114170,115403,116601,117772,118917,120572,121838,123071,124269
3904,Vera Cruz ,11090,11094,11098,11107,11112,11117,10065,9952,10745,10722,11032,11014,10997,10980,10963,10864,10843,10823,10804
3905,Vinhedo ,48761,50077,51406,54194,55737,57269,62240,63729,64870,66087,69845,71217,72550,73855,75129,77308,78728,80111,81516
3906,Viradouro ,16301,16566,16846,17435,17761,18084,17924,18110,17400,17499,18191,18311,18428,18542,18654,18775,18898,19017,19133
3907,Vista Alegre do Alto ,4894,4994,5105,5339,5468,5597,6682,6874,7050,7208,7652,7830,8002,8171,8335,8626,8810,8989,9163
3908,Vitória Brasil ,1703,1723,1746,1793,1819,1845,1664,1662,1742,1747,1809,1815,1821,1827,1833,1834,1840,1846,1852
3909,Votorantim ,97808,99123,100607,103722,105446,107157,104413,105193,109798,110755,115585,116706,117794,118858,119898,121331,122480,123599,124468
3910,Votuporanga ,76905,77953,79027,81280,82526,83764,80819,81279,85387,86059,89715,90508,91278,92032,92768,93736,94547,95338,96106
3911,Zacarias ,1945,1944,1943,1940,1938,1937,2384,2427,2365,2394,2509,2542,2574,2605,2636,2684,2718,2752,2784
3912,Chavantes ,12248,12294,12340,12437,12490,12544,12652,12688,12108,12102,12480,12482,12484,12486,12487,12418,12418,12418,12418
3913,Estiva Gerbi ,9127,9315,9528,9975,10223,10469,9590,9657,10136,10224,10669,10772,10873,10971,11067,11198,11304,11407,11507
